Workbook
Name DataChannelCountSetting: Settings!$C$8
Name DataDelaySetting: Settings!$C$4
Name DataOrientationSetting: Settings!$C$10
Name DataRowCountSetting: Settings!$C$6
Name Manifest_BaudRate: Manifest!$I$9
Name Manifest_DataInterval: Manifest!$I$7
Name Manifest_Generated: Manifest!$K$5
Name Manifest_Id: Manifest!$I$5:$J$5
Name Manifest_Schema: Manifest!$L$1
Name Threshold: 'CH2 DStream'!$AF$24
Name Threshold: DStream!$S$24
Name Threshold: Sheet1!$S$24
Name Threshold2: 'CH2 DStream'!$AL$24

Sheet DStream
A1: Serial Data | B1: colon 1 | C1: colon 2 | D1: colon 3 | E1: colon 4 | F1: Start time | G1: Voltage | H1: End time | I1: Rising Through Threshold | J1: Last | K1: Period
A2: Start:8:4.18: | B2: =FIND(":",$A2,1) -> 6 | C2: =FIND(":",$A2,B2+1) -> 8 | D2: =FIND(":",$A2,C2+1) -> 13 | E2: =FIND(":",$A2,D2+1) -> #VALUE! | F2: ='Data In'!C8 -> 0.51 | G2: ='Data In'!D8 -> a | H2: =_xlfn.NUMBERVALUE(MID($A2,E2+1,1000)) -> #VALUE! | I2: =AND(G1<Threshold,G2>Threshold) -> #REF! | K2: =IF(AND(Table15[[#This Row],[Rising Through Threshold]],J1>0),J2-J1,"") -> #REF!
A3: Start:216:4.09: | B3: =FIND(":",$A3,1) -> 6 | C3: =FIND(":",$A3,B3+1) -> 10 | D3: =FIND(":",$A3,C3+1) -> 15 | E3: =FIND(":",$A3,D3+1) -> #VALUE! | F3: ='Data In'!C9 -> 0.63 | G3: ='Data In'!D9 -> a | H3: =_xlfn.NUMBERVALUE(MID($A3,E3+1,1000)) -> #VALUE! | I3: =AND(G2<Threshold,G3>Threshold) -> #REF! | J3: =IF(Table15[[#This Row],[Rising Through Threshold]],Table15[[#This Row],[Start time]],J2) -> #REF! | K3: =IF(AND(Table15[[#This Row],[Rising Through Threshold]],J2>0),J3-J2,"") -> #REF!
A4: Start:328:3.92: | B4: =FIND(":",$A4,1) -> 6 | C4: =FIND(":",$A4,B4+1) -> 10 | D4: =FIND(":",$A4,C4+1) -> 15 | E4: =FIND(":",$A4,D4+1) -> #VALUE! | F4: ='Data In'!C10 -> 0.8 | G4: ='Data In'!D10 -> a | H4: =_xlfn.NUMBERVALUE(MID($A4,E4+1,1000)) -> #VALUE! | I4: =AND(G3<Threshold,G4>Threshold) -> #REF! | J4: =IF(Table15[[#This Row],[Rising Through Threshold]],Table15[[#This Row],[Start time]],J3) -> #REF! | K4: =IF(AND(Table15[[#This Row],[Rising Through Threshold]],J3>0),J4-J3,"") -> #REF!
A5: Start:440:3.68: | B5: =FIND(":",$A5,1) -> 6 | C5: =FIND(":",$A5,B5+1) -> 10 | D5: =FIND(":",$A5,C5+1) -> 15 | E5: =FIND(":",$A5,D5+1) -> #VALUE! | F5: ='Data In'!C11 -> 1.06 | G5: ='Data In'!D11 -> a | H5: =_xlfn.NUMBERVALUE(MID($A5,E5+1,1000)) -> #VALUE! | I5: =AND(G4<Threshold,G5>Threshold) -> #REF! | J5: =IF(Table15[[#This Row],[Rising Through Threshold]],Table15[[#This Row],[Start time]],J4) -> #REF! | K5: =IF(AND(Table15[[#This Row],[Rising Through Threshold]],J4>0),J5-J4,"") -> #REF!
A6: Start:552:3.39: | B6: =FIND(":",$A6,1) -> 6 | C6: =FIND(":",$A6,B6+1) -> 10 | D6: =FIND(":",$A6,C6+1) -> 15 | E6: =FIND(":",$A6,D6+1) -> #VALUE! | F6: ='Data In'!C12 -> 1.31 | G6: ='Data In'!D12 -> a | H6: =_xlfn.NUMBERVALUE(MID($A6,E6+1,1000)) -> #VALUE! | I6: =AND(G5<Threshold,G6>Threshold) -> #REF! | J6: =IF(Table15[[#This Row],[Rising Through Threshold]],Table15[[#This Row],[Start time]],J5) -> #REF! | K6: =IF(AND(Table15[[#This Row],[Rising Through Threshold]],J5>0),J6-J5,"") -> #REF!
A7: Start:664:3.06: | B7: =FIND(":",$A7,1) -> 6 | C7: =FIND(":",$A7,B7+1) -> 10 | D7: =FIND(":",$A7,C7+1) -> 15 | E7: =FIND(":",$A7,D7+1) -> #VALUE! | F7: ='Data In'!C13 -> 1.59 | G7: ='Data In'!D13 -> a | H7: =_xlfn.NUMBERVALUE(MID($A7,E7+1,1000)) -> #VALUE! | I7: =AND(G6<Threshold,G7>Threshold) -> #REF! | J7: =IF(Table15[[#This Row],[Rising Through Threshold]],Table15[[#This Row],[Start time]],J6) -> #REF! | K7: =IF(AND(Table15[[#This Row],[Rising Through Threshold]],J6>0),J7-J6,"") -> #REF!
A8: Start:776:2.71: | B8: =FIND(":",$A8,1) -> 6 | C8: =FIND(":",$A8,B8+1) -> 10 | D8: =FIND(":",$A8,C8+1) -> 15 | E8: =FIND(":",$A8,D8+1) -> #VALUE! | F8: ='Data In'!C14 -> 1.84 | G8: ='Data In'!D14 -> a | H8: =_xlfn.NUMBERVALUE(MID($A8,E8+1,1000)) -> #VALUE! | I8: =AND(G7<Threshold,G8>Threshold) -> #REF! | J8: =IF(Table15[[#This Row],[Rising Through Threshold]],Table15[[#This Row],[Start time]],J7) -> #REF! | K8: =IF(AND(Table15[[#This Row],[Rising Through Threshold]],J7>0),J8-J7,"") -> #REF!
A9: Start:888:2.34: | B9: =FIND(":",$A9,1) -> 6 | C9: =FIND(":",$A9,B9+1) -> 10 | D9: =FIND(":",$A9,C9+1) -> 15 | E9: =FIND(":",$A9,D9+1) -> #VALUE! | F9: ='Data In'!C15 -> 2.1 | G9: ='Data In'!D15 -> a | H9: =_xlfn.NUMBERVALUE(MID($A9,E9+1,1000)) -> #VALUE! | I9: =AND(G8<Threshold,G9>Threshold) -> #REF! | J9: =IF(Table15[[#This Row],[Rising Through Threshold]],Table15[[#This Row],[Start time]],J8) -> #REF! | K9: =IF(AND(Table15[[#This Row],[Rising Through Threshold]],J8>0),J9-J8,"") -> #REF!
A10: Start:1000:1.97: | B10: =FIND(":",$A10,1) -> 6 | C10: =FIND(":",$A10,B10+1) -> 11 | D10: =FIND(":",$A10,C10+1) -> 16 | E10: =FIND(":",$A10,D10+1) -> #VALUE! | F10: ='Data In'!C16 -> 2.31 | G10: ='Data In'!D16 -> a | H10: =_xlfn.NUMBERVALUE(MID($A10,E10+1,1000)) -> #VALUE! | I10: =AND(G9<Threshold,G10>Threshold) -> #REF! | J10: =IF(Table15[[#This Row],[Rising Through Threshold]],Table15[[#This Row],[Start time]],J9) -> #REF! | K10: =IF(AND(Table15[[#This Row],[Rising Through Threshold]],J9>0),J10-J9,"") -> #REF!
A11: Start:1112:1.63: | B11: =FIND(":",$A11,1) -> 6 | C11: =FIND(":",$A11,B11+1) -> 11 | D11: =FIND(":",$A11,C11+1) -> 16 | E11: =FIND(":",$A11,D11+1) -> #VALUE! | F11: ='Data In'!C17 -> 2.53 | G11: ='Data In'!D17 -> a | H11: =_xlfn.NUMBERVALUE(MID($A11,E11+1,1000)) -> #VALUE! | I11: =AND(G10<Threshold,G11>Threshold) -> #REF! | J11: =IF(Table15[[#This Row],[Rising Through Threshold]],Table15[[#This Row],[Start time]],J10) -> #REF! | K11: =IF(AND(Table15[[#This Row],[Rising Through Threshold]],J10>0),J11-J10,"") -> #REF!
A12: Start:1224:1.32: | B12: =FIND(":",$A12,1) -> 6 | C12: =FIND(":",$A12,B12+1) -> 11 | D12: =FIND(":",$A12,C12+1) -> 16 | E12: =FIND(":",$A12,D12+1) -> #VALUE! | F12: ='Data In'!C18 -> 2.71 | G12: ='Data In'!D18 -> a | H12: =_xlfn.NUMBERVALUE(MID($A12,E12+1,1000)) -> #VALUE! | I12: =AND(G11<Threshold,G12>Threshold) -> #REF! | J12: =IF(Table15[[#This Row],[Rising Through Threshold]],Table15[[#This Row],[Start time]],J11) -> #REF! | K12: =IF(AND(Table15[[#This Row],[Rising Through Threshold]],J11>0),J12-J11,"") -> #REF!
A13: Start:1336:1.09: | B13: =FIND(":",$A13,1) -> 6 | C13: =FIND(":",$A13,B13+1) -> 11 | D13: =FIND(":",$A13,C13+1) -> 16 | E13: =FIND(":",$A13,D13+1) -> #VALUE! | F13: ='Data In'!C19 -> 2.88 | G13: ='Data In'!D19 -> a | H13: =_xlfn.NUMBERVALUE(MID($A13,E13+1,1000)) -> #VALUE! | I13: =AND(G12<Threshold,G13>Threshold) -> #REF! | J13: =IF(Table15[[#This Row],[Rising Through Threshold]],Table15[[#This Row],[Start time]],J12) -> #REF! | K13: =IF(AND(Table15[[#This Row],[Rising Through Threshold]],J12>0),J13-J12,"") -> #REF!
A14: Start:1448:0.92: | B14: =FIND(":",$A14,1) -> 6 | C14: =FIND(":",$A14,B14+1) -> 11 | D14: =FIND(":",$A14,C14+1) -> 16 | E14: =FIND(":",$A14,D14+1) -> #VALUE! | F14: ='Data In'!C20 -> 3.04 | G14: ='Data In'!D20 -> a | H14: =_xlfn.NUMBERVALUE(MID($A14,E14+1,1000)) -> #VALUE! | I14: =AND(G13<Threshold,G14>Threshold) -> #REF! | J14: =IF(Table15[[#This Row],[Rising Through Threshold]],Table15[[#This Row],[Start time]],J13) -> #REF! | K14: =IF(AND(Table15[[#This Row],[Rising Through Threshold]],J13>0),J14-J13,"") -> #REF!
... A23: Start:2456:2.95: | B23: =FIND(":",$A23,1) -> 6 | C23: =FIND(":",$A23,B23+1) -> 11 | D23: =FIND(":",$A23,C23+1) -> 16 | E23: =FIND(":",$A23,D23+1) -> #VALUE! | F23: ='Data In'!C29 -> 3.63 | G23: ='Data In'!D29 -> a | H23: =_xlfn.NUMBERVALUE(MID($A23,E23+1,1000)) -> #VALUE! | I23: =AND(G22<Threshold,G23>Threshold) -> #REF! | J23: =IF(Table15[[#This Row],[Rising Through Threshold]],Table15[[#This Row],[Start time]],J22) -> #REF! | K23: =IF(AND(Table15[[#This Row],[Rising Through Threshold]],J22>0),J23-J22,"") -> #REF!
A24: Start:2568:3.33: | B24: =FIND(":",$A24,1) -> 6 | C24: =FIND(":",$A24,B24+1) -> 11 | D24: =FIND(":",$A24,C24+1) -> 16 | E24: =FIND(":",$A24,D24+1) -> #VALUE! | F24: ='Data In'!C30 -> 3.37 | G24: ='Data In'!D30 -> a | H24: =_xlfn.NUMBERVALUE(MID($A24,E24+1,1000)) -> #VALUE! | I24: =AND(G23<Threshold,G24>Threshold) -> #REF! | J24: =IF(Table15[[#This Row],[Rising Through Threshold]],Table15[[#This Row],[Start time]],J23) -> #REF! | K24: =IF(AND(Table15[[#This Row],[Rising Through Threshold]],J23>0),J24-J23,"") -> #REF! | N24: Max | O24: =MAX(Table15[Voltage]) -> #REF! | R24: Threshold | S24: =O27 -> #REF!
A25: Start:2680:3.66: | B25: =FIND(":",$A25,1) -> 6 | C25: =FIND(":",$A25,B25+1) -> 11 | D25: =FIND(":",$A25,C25+1) -> 16 | E25: =FIND(":",$A25,D25+1) -> #VALUE! | F25: ='Data In'!C31 -> 2.94 | G25: ='Data In'!D31 -> a | H25: =_xlfn.NUMBERVALUE(MID($A25,E25+1,1000)) -> #VALUE! | I25: =AND(G24<Threshold,G25>Threshold) -> #REF! | J25: =IF(Table15[[#This Row],[Rising Through Threshold]],Table15[[#This Row],[Start time]],J24) -> #REF! | K25: =IF(AND(Table15[[#This Row],[Rising Through Threshold]],J24>0),J25-J24,"") -> #REF! | N25: Min | O25: =MIN(Table15[Voltage]) -> #REF! | R25: Period | S25: =Table15[[#Totals],[Period]] -> #REF!
A26: Start:2792:3.91: | B26: =FIND(":",$A26,1) -> 6 | C26: =FIND(":",$A26,B26+1) -> 11 | D26: =FIND(":",$A26,C26+1) -> 16 | E26: =FIND(":",$A26,D26+1) -> #VALUE! | F26: ='Data In'!C32 -> 2.33 | G26: ='Data In'!D32 -> a | H26: =_xlfn.NUMBERVALUE(MID($A26,E26+1,1000)) -> #VALUE! | I26: =AND(G25<Threshold,G26>Threshold) -> #REF! | J26: =IF(Table15[[#This Row],[Rising Through Threshold]],Table15[[#This Row],[Start time]],J25) -> #REF! | K26: =IF(AND(Table15[[#This Row],[Rising Through Threshold]],J25>0),J26-J25,"") -> #REF! | N26: Peak to peak | O26: =O24-O25 -> #REF! | R26: Frequency | S26: =1/(S25/1000000) -> #REF!
A27: Start:2904:4.09: | B27: =FIND(":",$A27,1) -> 6 | C27: =FIND(":",$A27,B27+1) -> 11 | D27: =FIND(":",$A27,C27+1) -> 16 | E27: =FIND(":",$A27,D27+1) -> #VALUE! | F27: ='Data In'!C33 -> 1.61 | G27: ='Data In'!D33 -> a | H27: =_xlfn.NUMBERVALUE(MID($A27,E27+1,1000)) -> #VALUE! | I27: =AND(G26<Threshold,G27>Threshold) -> #REF! | J27: =IF(Table15[[#This Row],[Rising Through Threshold]],Table15[[#This Row],[Start time]],J26) -> #REF! | K27: =IF(AND(Table15[[#This Row],[Rising Through Threshold]],J26>0),J27-J26,"") -> #REF! | N27: Average | O27: =Table15[[#Totals],[Voltage]] -> #REF!
A28: Start:3016:4.18: | B28: =FIND(":",$A28,1) -> 6 | C28: =FIND(":",$A28,B28+1) -> 11 | D28: =FIND(":",$A28,C28+1) -> 16 | E28: =FIND(":",$A28,D28+1) -> #VALUE! | F28: ='Data In'!C34 -> 0.9 | G28: ='Data In'!D34 -> a | H28: =_xlfn.NUMBERVALUE(MID($A28,E28+1,1000)) -> #VALUE! | I28: =AND(G27<Threshold,G28>Threshold) -> #REF! | J28: =IF(Table15[[#This Row],[Rising Through Threshold]],Table15[[#This Row],[Start time]],J27) -> #REF! | K28: =IF(AND(Table15[[#This Row],[Rising Through Threshold]],J27>0),J28-J27,"") -> #REF!
A29: Start:3128:4.20: | B29: =FIND(":",$A29,1) -> 6 | C29: =FIND(":",$A29,B29+1) -> 11 | D29: =FIND(":",$A29,C29+1) -> 16 | E29: =FIND(":",$A29,D29+1) -> #VALUE! | F29: ='Data In'!C35 -> 0.43 | G29: ='Data In'!D35 -> a | H29: =_xlfn.NUMBERVALUE(MID($A29,E29+1,1000)) -> #VALUE! | I29: =AND(G28<Threshold,G29>Threshold) -> #REF! | J29: =IF(Table15[[#This Row],[Rising Through Threshold]],Table15[[#This Row],[Start time]],J28) -> #REF! | K29: =IF(AND(Table15[[#This Row],[Rising Through Threshold]],J28>0),J29-J28,"") -> #REF!
A30: Start:3240:4.15: | B30: =FIND(":",$A30,1) -> 6 | C30: =FIND(":",$A30,B30+1) -> 11 | D30: =FIND(":",$A30,C30+1) -> 16 | E30: =FIND(":",$A30,D30+1) -> #VALUE! | F30: ='Data In'!C36 -> 0.45 | G30: ='Data In'!D36 -> a | H30: =_xlfn.NUMBERVALUE(MID($A30,E30+1,1000)) -> #VALUE! | I30: =AND(G29<Threshold,G30>Threshold) -> #REF! | J30: =IF(Table15[[#This Row],[Rising Through Threshold]],Table15[[#This Row],[Start time]],J29) -> #REF! | K30: =IF(AND(Table15[[#This Row],[Rising Through Threshold]],J29>0),J30-J29,"") -> #REF!
A31: Start:3352:4.02: | B31: =FIND(":",$A31,1) -> 6 | C31: =FIND(":",$A31,B31+1) -> 11 | D31: =FIND(":",$A31,C31+1) -> 16 | E31: =FIND(":",$A31,D31+1) -> #VALUE! | F31: ='Data In'!C37 -> 0.47 | G31: ='Data In'!D37 -> a | H31: =_xlfn.NUMBERVALUE(MID($A31,E31+1,1000)) -> #VALUE! | I31: =AND(G30<Threshold,G31>Threshold) -> #REF! | J31: =IF(Table15[[#This Row],[Rising Through Threshold]],Table15[[#This Row],[Start time]],J30) -> #REF! | K31: =IF(AND(Table15[[#This Row],[Rising Through Threshold]],J30>0),J31-J30,"") -> #REF!
A32: Start:3464:3.82: | B32: =FIND(":",$A32,1) -> 6 | C32: =FIND(":",$A32,B32+1) -> 11 | D32: =FIND(":",$A32,C32+1) -> 16 | E32: =FIND(":",$A32,D32+1) -> #VALUE! | F32: ='Data In'!C38 -> 0.57 | G32: ='Data In'!D38 -> a | H32: =_xlfn.NUMBERVALUE(MID($A32,E32+1,1000)) -> #VALUE! | I32: =AND(G31<Threshold,G32>Threshold) -> #REF! | J32: =IF(Table15[[#This Row],[Rising Through Threshold]],Table15[[#This Row],[Start time]],J31) -> #REF! | K32: =IF(AND(Table15[[#This Row],[Rising Through Threshold]],J31>0),J32-J31,"") -> #REF!
A33: Start:3576:3.56: | B33: =FIND(":",$A33,1) -> 6 | C33: =FIND(":",$A33,B33+1) -> 11 | D33: =FIND(":",$A33,C33+1) -> 16 | E33: =FIND(":",$A33,D33+1) -> #VALUE! | F33: ='Data In'!C39 -> 0.73 | G33: ='Data In'!D39 -> a | H33: =_xlfn.NUMBERVALUE(MID($A33,E33+1,1000)) -> #VALUE! | I33: =AND(G32<Threshold,G33>Threshold) -> #REF! | J33: =IF(Table15[[#This Row],[Rising Through Threshold]],Table15[[#This Row],[Start time]],J32) -> #REF! | K33: =IF(AND(Table15[[#This Row],[Rising Through Threshold]],J32>0),J33-J32,"") -> #REF!
A34: Start:3688:3.25: | B34: =FIND(":",$A34,1) -> 6 | C34: =FIND(":",$A34,B34+1) -> 11 | D34: =FIND(":",$A34,C34+1) -> 16 | E34: =FIND(":",$A34,D34+1) -> #VALUE! | F34: ='Data In'!C40 -> 0.96 | G34: ='Data In'!D40 -> a | H34: =_xlfn.NUMBERVALUE(MID($A34,E34+1,1000)) -> #VALUE! | I34: =AND(G33<Threshold,G34>Threshold) -> #REF! | J34: =IF(Table15[[#This Row],[Rising Through Threshold]],Table15[[#This Row],[Start time]],J33) -> #REF! | K34: =IF(AND(Table15[[#This Row],[Rising Through Threshold]],J33>0),J34-J33,"") -> #REF!
A35: Start:3800:2.91: | B35: =FIND(":",$A35,1) -> 6 | C35: =FIND(":",$A35,B35+1) -> 11 | D35: =FIND(":",$A35,C35+1) -> 16 | E35: =FIND(":",$A35,D35+1) -> #VALUE! | F35: ='Data In'!C41 -> 1.22 | G35: ='Data In'!D41 -> a | H35: =_xlfn.NUMBERVALUE(MID($A35,E35+1,1000)) -> #VALUE! | I35: =AND(G34<Threshold,G35>Threshold) -> #REF! | J35: =IF(Table15[[#This Row],[Rising Through Threshold]],Table15[[#This Row],[Start time]],J34) -> #REF! | K35: =IF(AND(Table15[[#This Row],[Rising Through Threshold]],J34>0),J35-J34,"") -> #REF!
A36: Start:3912:2.54: | B36: =FIND(":",$A36,1) -> 6 | C36: =FIND(":",$A36,B36+1) -> 11 | D36: =FIND(":",$A36,C36+1) -> 16 | E36: =FIND(":",$A36,D36+1) -> #VALUE! | F36: ='Data In'!C42 -> 1.49 | G36: ='Data In'!D42 -> a | H36: =_xlfn.NUMBERVALUE(MID($A36,E36+1,1000)) -> #VALUE! | I36: =AND(G35<Threshold,G36>Threshold) -> #REF! | J36: =IF(Table15[[#This Row],[Rising Through Threshold]],Table15[[#This Row],[Start time]],J35) -> #REF! | K36: =IF(AND(Table15[[#This Row],[Rising Through Threshold]],J35>0),J36-J35,"") -> #REF!
A37: Start:4024:2.17: | B37: =FIND(":",$A37,1) -> 6 | C37: =FIND(":",$A37,B37+1) -> 11 | D37: =FIND(":",$A37,C37+1) -> 16 | E37: =FIND(":",$A37,D37+1) -> #VALUE! | F37: ='Data In'!C43 -> 1.75 | G37: ='Data In'!D43 -> a | H37: =_xlfn.NUMBERVALUE(MID($A37,E37+1,1000)) -> #VALUE! | I37: =AND(G36<Threshold,G37>Threshold) -> #REF! | J37: =IF(Table15[[#This Row],[Rising Through Threshold]],Table15[[#This Row],[Start time]],J36) -> #REF! | K37: =IF(AND(Table15[[#This Row],[Rising Through Threshold]],J36>0),J37-J36,"") -> #REF!
A38: Start:4136:1.81: | B38: =FIND(":",$A38,1) -> 6 | C38: =FIND(":",$A38,B38+1) -> 11 | D38: =FIND(":",$A38,C38+1) -> 16 | E38: =FIND(":",$A38,D38+1) -> #VALUE! | F38: ='Data In'!C44 -> 2 | G38: ='Data In'!D44 -> a | H38: =_xlfn.NUMBERVALUE(MID($A38,E38+1,1000)) -> #VALUE! | I38: =AND(G37<Threshold,G38>Threshold) -> #REF! | J38: =IF(Table15[[#This Row],[Rising Through Threshold]],Table15[[#This Row],[Start time]],J37) -> #REF! | K38: =IF(AND(Table15[[#This Row],[Rising Through Threshold]],J37>0),J38-J37,"") -> #REF!
A39: Start:4248:1.49: | B39: =FIND(":",$A39,1) -> 6 | C39: =FIND(":",$A39,B39+1) -> 11 | D39: =FIND(":",$A39,C39+1) -> 16 | E39: =FIND(":",$A39,D39+1) -> #VALUE! | F39: ='Data In'!C45 -> 2.24 | G39: ='Data In'!D45 -> a | H39: =_xlfn.NUMBERVALUE(MID($A39,E39+1,1000)) -> #VALUE! | I39: =AND(G38<Threshold,G39>Threshold) -> #REF! | J39: =IF(Table15[[#This Row],[Rising Through Threshold]],Table15[[#This Row],[Start time]],J38) -> #REF! | K39: =IF(AND(Table15[[#This Row],[Rising Through Threshold]],J38>0),J39-J38,"") -> #REF!
... A201: Start:22392:2.65: | B201: =FIND(":",$A201,1) -> 6 | C201: =FIND(":",$A201,B201+1) -> 12 | D201: =FIND(":",$A201,C201+1) -> 17 | E201: =FIND(":",$A201,D201+1) -> #VALUE! | F201: ='Data In'!C207 -> 2.84 | G201: ='Data In'!D207 -> a | H201: =_xlfn.NUMBERVALUE(MID($A201,E201+1,1000)) -> #VALUE! | I201: =AND(G200<Threshold,G201>Threshold) -> #REF! | J201: =IF(Table15[[#This Row],[Rising Through Threshold]],Table15[[#This Row],[Start time]],J200) -> #REF! | K201: =IF(AND(Table15[[#This Row],[Rising Through Threshold]],J200>0),J201-J200,"") -> #REF!
A202: Start:22504:2.28: | B202: =FIND(":",$A202,1) -> 6 | C202: =FIND(":",$A202,B202+1) -> 12 | D202: =FIND(":",$A202,C202+1) -> 17 | E202: =FIND(":",$A202,D202+1) -> #VALUE! | F202: ='Data In'!#REF! -> #REF! | G202: ='Data In'!#REF! -> #REF! | H202: =_xlfn.NUMBERVALUE(MID($A202,E202+1,1000)) -> #VALUE! | I202: =AND(G201<Threshold,G202>Threshold) -> #REF! | J202: =IF(Table15[[#This Row],[Rising Through Threshold]],Table15[[#This Row],[Start time]],J201) -> #REF! | K202: =IF(AND(Table15[[#This Row],[Rising Through Threshold]],J201>0),J202-J201,"") -> #REF!
A203: Start:22616:1.92: | B203: =FIND(":",$A203,1) -> 6 | C203: =FIND(":",$A203,B203+1) -> 12 | D203: =FIND(":",$A203,C203+1) -> 17 | E203: =FIND(":",$A203,D203+1) -> #VALUE! | F203: ='Data In'!#REF! -> #REF! | G203: ='Data In'!#REF! -> #REF! | H203: =_xlfn.NUMBERVALUE(MID($A203,E203+1,1000)) -> #VALUE! | I203: =AND(G202<Threshold,G203>Threshold) -> #REF! | J203: =IF(Table15[[#This Row],[Rising Through Threshold]],Table15[[#This Row],[Start time]],J202) -> #REF! | K203: =IF(AND(Table15[[#This Row],[Rising Through Threshold]],J202>0),J203-J202,"") -> #REF!
A204: Start:22728:1.58: | B204: =FIND(":",$A204,1) -> 6 | C204: =FIND(":",$A204,B204+1) -> 12 | D204: =FIND(":",$A204,C204+1) -> 17 | E204: =FIND(":",$A204,D204+1) -> #VALUE! | F204: ='Data In'!#REF! -> #REF! | G204: ='Data In'!#REF! -> #REF! | H204: =_xlfn.NUMBERVALUE(MID($A204,E204+1,1000)) -> #VALUE! | I204: =AND(G203<Threshold,G204>Threshold) -> #REF! | J204: =IF(Table15[[#This Row],[Rising Through Threshold]],Table15[[#This Row],[Start time]],J203) -> #REF! | K204: =IF(AND(Table15[[#This Row],[Rising Through Threshold]],J203>0),J204-J203,"") -> #REF!
A205: Start:22840:1.29: | B205: =FIND(":",$A205,1) -> 6 | C205: =FIND(":",$A205,B205+1) -> 12 | D205: =FIND(":",$A205,C205+1) -> 17 | E205: =FIND(":",$A205,D205+1) -> #VALUE! | F205: ='Data In'!#REF! -> #REF! | G205: ='Data In'!#REF! -> #REF! | H205: =_xlfn.NUMBERVALUE(MID($A205,E205+1,1000)) -> #VALUE! | I205: =AND(G204<Threshold,G205>Threshold) -> #REF! | J205: =IF(Table15[[#This Row],[Rising Through Threshold]],Table15[[#This Row],[Start time]],J204) -> #REF! | K205: =IF(AND(Table15[[#This Row],[Rising Through Threshold]],J204>0),J205-J204,"") -> #REF!
A206: Start:22952:1.06: | B206: =FIND(":",$A206,1) -> 6 | C206: =FIND(":",$A206,B206+1) -> 12 | D206: =FIND(":",$A206,C206+1) -> 17 | E206: =FIND(":",$A206,D206+1) -> #VALUE! | F206: ='Data In'!#REF! -> #REF! | G206: ='Data In'!#REF! -> #REF! | H206: =_xlfn.NUMBERVALUE(MID($A206,E206+1,1000)) -> #VALUE! | I206: =AND(G205<Threshold,G206>Threshold) -> #REF! | J206: =IF(Table15[[#This Row],[Rising Through Threshold]],Table15[[#This Row],[Start time]],J205) -> #REF! | K206: =IF(AND(Table15[[#This Row],[Rising Through Threshold]],J205>0),J206-J205,"") -> #REF!
A207: Start:23064:0.90: | B207: =FIND(":",$A207,1) -> 6 | C207: =FIND(":",$A207,B207+1) -> 12 | D207: =FIND(":",$A207,C207+1) -> 17 | E207: =FIND(":",$A207,D207+1) -> #VALUE! | F207: ='Data In'!#REF! -> #REF! | G207: ='Data In'!#REF! -> #REF! | H207: =_xlfn.NUMBERVALUE(MID($A207,E207+1,1000)) -> #VALUE! | I207: =AND(G206<Threshold,G207>Threshold) -> #REF! | J207: =IF(Table15[[#This Row],[Rising Through Threshold]],Table15[[#This Row],[Start time]],J206) -> #REF! | K207: =IF(AND(Table15[[#This Row],[Rising Through Threshold]],J206>0),J207-J206,"") -> #REF!
A208: Start:23176:0.84: | B208: =FIND(":",$A208,1) -> 6 | C208: =FIND(":",$A208,B208+1) -> 12 | D208: =FIND(":",$A208,C208+1) -> 17 | E208: =FIND(":",$A208,D208+1) -> #VALUE! | F208: ='Data In'!#REF! -> #REF! | G208: ='Data In'!#REF! -> #REF! | H208: =_xlfn.NUMBERVALUE(MID($A208,E208+1,1000)) -> #VALUE! | I208: =AND(G207<Threshold,G208>Threshold) -> #REF! | J208: =IF(Table15[[#This Row],[Rising Through Threshold]],Table15[[#This Row],[Start time]],J207) -> #REF! | K208: =IF(AND(Table15[[#This Row],[Rising Through Threshold]],J207>0),J208-J207,"") -> #REF!
A209: Start:23288:0.87: | B209: =FIND(":",$A209,1) -> 6 | C209: =FIND(":",$A209,B209+1) -> 12 | D209: =FIND(":",$A209,C209+1) -> 17 | E209: =FIND(":",$A209,D209+1) -> #VALUE! | F209: ='Data In'!#REF! -> #REF! | G209: ='Data In'!#REF! -> #REF! | H209: =_xlfn.NUMBERVALUE(MID($A209,E209+1,1000)) -> #VALUE! | I209: =AND(G208<Threshold,G209>Threshold) -> #REF! | J209: =IF(Table15[[#This Row],[Rising Through Threshold]],Table15[[#This Row],[Start time]],J208) -> #REF! | K209: =IF(AND(Table15[[#This Row],[Rising Through Threshold]],J208>0),J209-J208,"") -> #REF!
A210: Start:23400:0.98: | B210: =FIND(":",$A210,1) -> 6 | C210: =FIND(":",$A210,B210+1) -> 12 | D210: =FIND(":",$A210,C210+1) -> 17 | E210: =FIND(":",$A210,D210+1) -> #VALUE! | F210: ='Data In'!#REF! -> #REF! | G210: ='Data In'!#REF! -> #REF! | H210: =_xlfn.NUMBERVALUE(MID($A210,E210+1,1000)) -> #VALUE! | I210: =AND(G209<Threshold,G210>Threshold) -> #REF! | J210: =IF(Table15[[#This Row],[Rising Through Threshold]],Table15[[#This Row],[Start time]],J209) -> #REF! | K210: =IF(AND(Table15[[#This Row],[Rising Through Threshold]],J209>0),J210-J209,"") -> #REF!
A211: Start:23512:1.19: | B211: =FIND(":",$A211,1) -> 6 | C211: =FIND(":",$A211,B211+1) -> 12 | D211: =FIND(":",$A211,C211+1) -> 17 | E211: =FIND(":",$A211,D211+1) -> #VALUE! | F211: ='Data In'!#REF! -> #REF! | G211: ='Data In'!#REF! -> #REF! | H211: =_xlfn.NUMBERVALUE(MID($A211,E211+1,1000)) -> #VALUE! | I211: =AND(G210<Threshold,G211>Threshold) -> #REF! | J211: =IF(Table15[[#This Row],[Rising Through Threshold]],Table15[[#This Row],[Start time]],J210) -> #REF! | K211: =IF(AND(Table15[[#This Row],[Rising Through Threshold]],J210>0),J211-J210,"") -> #REF!
A212: Start:23624:1.47: | B212: =FIND(":",$A212,1) -> 6 | C212: =FIND(":",$A212,B212+1) -> 12 | D212: =FIND(":",$A212,C212+1) -> 17 | E212: =FIND(":",$A212,D212+1) -> #VALUE! | F212: ='Data In'!#REF! -> #REF! | G212: ='Data In'!#REF! -> #REF! | H212: =_xlfn.NUMBERVALUE(MID($A212,E212+1,1000)) -> #VALUE! | I212: =AND(G211<Threshold,G212>Threshold) -> #REF! | J212: =IF(Table15[[#This Row],[Rising Through Threshold]],Table15[[#This Row],[Start time]],J211) -> #REF! | K212: =IF(AND(Table15[[#This Row],[Rising Through Threshold]],J211>0),J212-J211,"") -> #REF!
A213: Start:23736:1.82: | B213: =FIND(":",$A213,1) -> 6 | C213: =FIND(":",$A213,B213+1) -> 12 | D213: =FIND(":",$A213,C213+1) -> 17 | E213: =FIND(":",$A213,D213+1) -> #VALUE! | F213: ='Data In'!#REF! -> #REF! | G213: ='Data In'!#REF! -> #REF! | H213: =_xlfn.NUMBERVALUE(MID($A213,E213+1,1000)) -> #VALUE! | I213: =AND(G212<Threshold,G213>Threshold) -> #REF! | J213: =IF(Table15[[#This Row],[Rising Through Threshold]],Table15[[#This Row],[Start time]],J212) -> #REF! | K213: =IF(AND(Table15[[#This Row],[Rising Through Threshold]],J212>0),J213-J212,"") -> #REF!
... A401: Start:44792:0.84: | B401: =FIND(":",$A401,1) -> 6 | C401: =FIND(":",$A401,B401+1) -> 12 | D401: =FIND(":",$A401,C401+1) -> 17 | E401: =FIND(":",$A401,D401+1) -> #VALUE! | F401: ='Data In'!#REF! -> #REF! | G401: ='Data In'!#REF! -> #REF! | H401: =_xlfn.NUMBERVALUE(MID($A401,E401+1,1000)) -> #VALUE! | I401: =AND(G400<Threshold,G401>Threshold) -> #REF! | J401: =IF(Table15[[#This Row],[Rising Through Threshold]],Table15[[#This Row],[Start time]],J400) -> #REF! | K401: =IF(AND(Table15[[#This Row],[Rising Through Threshold]],J400>0),J401-J400,"") -> #REF!
A402: Total | G402: =SUBTOTAL(101,Table15[Voltage]) -> #REF! | K402: =SUBTOTAL(101,Table15[Period]) -> #REF!

Sheet Sheet1
A1: Serial Data | B1: colon 1 | C1: colon 2 | D1: colon 3 | E1: colon 4 | F1: Start time | G1: Voltage | H1: End time | I1: Rising Through Threshold | J1: Last | K1: Period
A2: Start:0.0:0.49:a:a: | B2: =FIND(":",$A2,1) -> 6 | C2: =FIND(":",$A2,B2+1) -> 10 | D2: =FIND(":",$A2,C2+1) -> 15 | E2: =FIND(":",$A2,D2+1) -> 17 | F2: =_xlfn.NUMBERVALUE(MID($A2,B2+1,C2-B2-1)) -> 0 | G2: =_xlfn.NUMBERVALUE(MID($A2,C2+1,D2-C2-1)) -> 0.49 | H2: =_xlfn.NUMBERVALUE(MID($A2,E2+1,1000)) -> #VALUE! | I2: =AND(G1<Threshold,G2>Threshold) -> FALSE | K2: =IF(AND(Table1[[#This Row],[Rising Through Threshold]],J1>0),J2-J1,"")
A3: Start:4.250:1.24:a:a: | B3: =FIND(":",$A3,1) -> 6 | C3: =FIND(":",$A3,B3+1) -> 12 | D3: =FIND(":",$A3,C3+1) -> 17 | E3: =FIND(":",$A3,D3+1) -> 19 | F3: =_xlfn.NUMBERVALUE(MID($A3,B3+1,C3-B3-1)) -> 4.25 | G3: =_xlfn.NUMBERVALUE(MID($A3,C3+1,D3-C3-1)) -> 1.24 | H3: =_xlfn.NUMBERVALUE(MID($A3,E3+1,1000)) -> #VALUE! | I3: =AND(G2<Threshold,G3>Threshold) -> FALSE | J3: =IF(Table1[[#This Row],[Rising Through Threshold]],Table1[[#This Row],[Start time]],J2) -> 0 | K3: =IF(AND(Table1[[#This Row],[Rising Through Threshold]],J2>0),J3-J2,"")
A4: Start:8.500:2.78:a:a: | B4: =FIND(":",$A4,1) -> 6 | C4: =FIND(":",$A4,B4+1) -> 12 | D4: =FIND(":",$A4,C4+1) -> 17 | E4: =FIND(":",$A4,D4+1) -> 19 | F4: =_xlfn.NUMBERVALUE(MID($A4,B4+1,C4-B4-1)) -> 8.5 | G4: =_xlfn.NUMBERVALUE(MID($A4,C4+1,D4-C4-1)) -> 2.78 | H4: =_xlfn.NUMBERVALUE(MID($A4,E4+1,1000)) -> #VALUE! | I4: =AND(G3<Threshold,G4>Threshold) -> TRUE | J4: =IF(Table1[[#This Row],[Rising Through Threshold]],Table1[[#This Row],[Start time]],J3) -> 8.5 | K4: =IF(AND(Table1[[#This Row],[Rising Through Threshold]],J3>0),J4-J3,"")
A5: Start:12.750:3.31:a:a: | B5: =FIND(":",$A5,1) -> 6 | C5: =FIND(":",$A5,B5+1) -> 13 | D5: =FIND(":",$A5,C5+1) -> 18 | E5: =FIND(":",$A5,D5+1) -> 20 | F5: =_xlfn.NUMBERVALUE(MID($A5,B5+1,C5-B5-1)) -> 12.75 | G5: =_xlfn.NUMBERVALUE(MID($A5,C5+1,D5-C5-1)) -> 3.31 | H5: =_xlfn.NUMBERVALUE(MID($A5,E5+1,1000)) -> #VALUE! | I5: =AND(G4<Threshold,G5>Threshold) -> FALSE | J5: =IF(Table1[[#This Row],[Rising Through Threshold]],Table1[[#This Row],[Start time]],J4) -> 8.5 | K5: =IF(AND(Table1[[#This Row],[Rising Through Threshold]],J4>0),J5-J4,"")
A6: Start:17.0:3.82:a:a: | B6: =FIND(":",$A6,1) -> 6 | C6: =FIND(":",$A6,B6+1) -> 11 | D6: =FIND(":",$A6,C6+1) -> 16 | E6: =FIND(":",$A6,D6+1) -> 18 | F6: =_xlfn.NUMBERVALUE(MID($A6,B6+1,C6-B6-1)) -> 17 | G6: =_xlfn.NUMBERVALUE(MID($A6,C6+1,D6-C6-1)) -> 3.82 | H6: =_xlfn.NUMBERVALUE(MID($A6,E6+1,1000)) -> #VALUE! | I6: =AND(G5<Threshold,G6>Threshold) -> FALSE | J6: =IF(Table1[[#This Row],[Rising Through Threshold]],Table1[[#This Row],[Start time]],J5) -> 8.5 | K6: =IF(AND(Table1[[#This Row],[Rising Through Threshold]],J5>0),J6-J5,"")
A7: Start:21.250:5.00:a:a: | B7: =FIND(":",$A7,1) -> 6 | C7: =FIND(":",$A7,B7+1) -> 13 | D7: =FIND(":",$A7,C7+1) -> 18 | E7: =FIND(":",$A7,D7+1) -> 20 | F7: =_xlfn.NUMBERVALUE(MID($A7,B7+1,C7-B7-1)) -> 21.25 | G7: =_xlfn.NUMBERVALUE(MID($A7,C7+1,D7-C7-1)) -> 5 | H7: =_xlfn.NUMBERVALUE(MID($A7,E7+1,1000)) -> #VALUE! | I7: =AND(G6<Threshold,G7>Threshold) -> FALSE | J7: =IF(Table1[[#This Row],[Rising Through Threshold]],Table1[[#This Row],[Start time]],J6) -> 8.5 | K7: =IF(AND(Table1[[#This Row],[Rising Through Threshold]],J6>0),J7-J6,"")
A8: Start:25.500:4.76:a:a: | B8: =FIND(":",$A8,1) -> 6 | C8: =FIND(":",$A8,B8+1) -> 13 | D8: =FIND(":",$A8,C8+1) -> 18 | E8: =FIND(":",$A8,D8+1) -> 20 | F8: =_xlfn.NUMBERVALUE(MID($A8,B8+1,C8-B8-1)) -> 25.5 | G8: =_xlfn.NUMBERVALUE(MID($A8,C8+1,D8-C8-1)) -> 4.76 | H8: =_xlfn.NUMBERVALUE(MID($A8,E8+1,1000)) -> #VALUE! | I8: =AND(G7<Threshold,G8>Threshold) -> FALSE | J8: =IF(Table1[[#This Row],[Rising Through Threshold]],Table1[[#This Row],[Start time]],J7) -> 8.5 | K8: =IF(AND(Table1[[#This Row],[Rising Through Threshold]],J7>0),J8-J7,"")
A9: Start:29.750:3.82:a:a: | B9: =FIND(":",$A9,1) -> 6 | C9: =FIND(":",$A9,B9+1) -> 13 | D9: =FIND(":",$A9,C9+1) -> 18 | E9: =FIND(":",$A9,D9+1) -> 20 | F9: =_xlfn.NUMBERVALUE(MID($A9,B9+1,C9-B9-1)) -> 29.75 | G9: =_xlfn.NUMBERVALUE(MID($A9,C9+1,D9-C9-1)) -> 3.82 | H9: =_xlfn.NUMBERVALUE(MID($A9,E9+1,1000)) -> #VALUE! | I9: =AND(G8<Threshold,G9>Threshold) -> FALSE | J9: =IF(Table1[[#This Row],[Rising Through Threshold]],Table1[[#This Row],[Start time]],J8) -> 8.5 | K9: =IF(AND(Table1[[#This Row],[Rising Through Threshold]],J8>0),J9-J8,"")
A10: Start:34.0:2.88:a:a: | B10: =FIND(":",$A10,1) -> 6 | C10: =FIND(":",$A10,B10+1) -> 11 | D10: =FIND(":",$A10,C10+1) -> 16 | E10: =FIND(":",$A10,D10+1) -> 18 | F10: =_xlfn.NUMBERVALUE(MID($A10,B10+1,C10-B10-1)) -> 34 | G10: =_xlfn.NUMBERVALUE(MID($A10,C10+1,D10-C10-1)) -> 2.88 | H10: =_xlfn.NUMBERVALUE(MID($A10,E10+1,1000)) -> #VALUE! | I10: =AND(G9<Threshold,G10>Threshold) -> FALSE | J10: =IF(Table1[[#This Row],[Rising Through Threshold]],Table1[[#This Row],[Start time]],J9) -> 8.5 | K10: =IF(AND(Table1[[#This Row],[Rising Through Threshold]],J9>0),J10-J9,"")
A11: Start:38.250:1.00:a:a: | B11: =FIND(":",$A11,1) -> 6 | C11: =FIND(":",$A11,B11+1) -> 13 | D11: =FIND(":",$A11,C11+1) -> 18 | E11: =FIND(":",$A11,D11+1) -> 20 | F11: =_xlfn.NUMBERVALUE(MID($A11,B11+1,C11-B11-1)) -> 38.25 | G11: =_xlfn.NUMBERVALUE(MID($A11,C11+1,D11-C11-1)) -> 1 | H11: =_xlfn.NUMBERVALUE(MID($A11,E11+1,1000)) -> #VALUE! | I11: =AND(G10<Threshold,G11>Threshold) -> FALSE | J11: =IF(Table1[[#This Row],[Rising Through Threshold]],Table1[[#This Row],[Start time]],J10) -> 8.5 | K11: =IF(AND(Table1[[#This Row],[Rising Through Threshold]],J10>0),J11-J10,"")
A12: Start:42.500:0.14:a:a: | B12: =FIND(":",$A12,1) -> 6 | C12: =FIND(":",$A12,B12+1) -> 13 | D12: =FIND(":",$A12,C12+1) -> 18 | E12: =FIND(":",$A12,D12+1) -> 20 | F12: =_xlfn.NUMBERVALUE(MID($A12,B12+1,C12-B12-1)) -> 42.5 | G12: =_xlfn.NUMBERVALUE(MID($A12,C12+1,D12-C12-1)) -> 0.14 | H12: =_xlfn.NUMBERVALUE(MID($A12,E12+1,1000)) -> #VALUE! | I12: =AND(G11<Threshold,G12>Threshold) -> FALSE | J12: =IF(Table1[[#This Row],[Rising Through Threshold]],Table1[[#This Row],[Start time]],J11) -> 8.5 | K12: =IF(AND(Table1[[#This Row],[Rising Through Threshold]],J11>0),J12-J11,"")
A13: Start:46.750:0.00:a:a: | B13: =FIND(":",$A13,1) -> 6 | C13: =FIND(":",$A13,B13+1) -> 13 | D13: =FIND(":",$A13,C13+1) -> 18 | E13: =FIND(":",$A13,D13+1) -> 20 | F13: =_xlfn.NUMBERVALUE(MID($A13,B13+1,C13-B13-1)) -> 46.75 | G13: =_xlfn.NUMBERVALUE(MID($A13,C13+1,D13-C13-1)) -> 0 | H13: =_xlfn.NUMBERVALUE(MID($A13,E13+1,1000)) -> #VALUE! | I13: =AND(G12<Threshold,G13>Threshold) -> FALSE | J13: =IF(Table1[[#This Row],[Rising Through Threshold]],Table1[[#This Row],[Start time]],J12) -> 8.5 | K13: =IF(AND(Table1[[#This Row],[Rising Through Threshold]],J12>0),J13-J12,"")
A14: Start:51.0:0.55:a:a: | B14: =FIND(":",$A14,1) -> 6 | C14: =FIND(":",$A14,B14+1) -> 11 | D14: =FIND(":",$A14,C14+1) -> 16 | E14: =FIND(":",$A14,D14+1) -> 18 | F14: =_xlfn.NUMBERVALUE(MID($A14,B14+1,C14-B14-1)) -> 51 | G14: =_xlfn.NUMBERVALUE(MID($A14,C14+1,D14-C14-1)) -> 0.55 | H14: =_xlfn.NUMBERVALUE(MID($A14,E14+1,1000)) -> #VALUE! | I14: =AND(G13<Threshold,G14>Threshold) -> FALSE | J14: =IF(Table1[[#This Row],[Rising Through Threshold]],Table1[[#This Row],[Start time]],J13) -> 8.5 | K14: =IF(AND(Table1[[#This Row],[Rising Through Threshold]],J13>0),J14-J13,"")
... A23: Start:89.250:2.02:a:a: | B23: =FIND(":",$A23,1) -> 6 | C23: =FIND(":",$A23,B23+1) -> 13 | D23: =FIND(":",$A23,C23+1) -> 18 | E23: =FIND(":",$A23,D23+1) -> 20 | F23: =_xlfn.NUMBERVALUE(MID($A23,B23+1,C23-B23-1)) -> 89.25 | G23: =_xlfn.NUMBERVALUE(MID($A23,C23+1,D23-C23-1)) -> 2.02 | H23: =_xlfn.NUMBERVALUE(MID($A23,E23+1,1000)) -> #VALUE! | I23: =AND(G22<Threshold,G23>Threshold) -> FALSE | J23: =IF(Table1[[#This Row],[Rising Through Threshold]],Table1[[#This Row],[Start time]],J22) -> 63.75 | K23: =IF(AND(Table1[[#This Row],[Rising Through Threshold]],J22>0),J23-J22,"")
A24: Start:93.500:0.18:a:a: | B24: =FIND(":",$A24,1) -> 6 | C24: =FIND(":",$A24,B24+1) -> 13 | D24: =FIND(":",$A24,C24+1) -> 18 | E24: =FIND(":",$A24,D24+1) -> 20 | F24: =_xlfn.NUMBERVALUE(MID($A24,B24+1,C24-B24-1)) -> 93.5 | G24: =_xlfn.NUMBERVALUE(MID($A24,C24+1,D24-C24-1)) -> 0.18 | H24: =_xlfn.NUMBERVALUE(MID($A24,E24+1,1000)) -> #VALUE! | I24: =AND(G23<Threshold,G24>Threshold) -> FALSE | J24: =IF(Table1[[#This Row],[Rising Through Threshold]],Table1[[#This Row],[Start time]],J23) -> 63.75 | K24: =IF(AND(Table1[[#This Row],[Rising Through Threshold]],J23>0),J24-J23,"") | N24: Max | O24: =MAX(Table1[Voltage]) -> 5 | R24: Threshold | S24: =O27 -> 2.372125
A25: Start:97.750:0.00:a:a: | B25: =FIND(":",$A25,1) -> 6 | C25: =FIND(":",$A25,B25+1) -> 13 | D25: =FIND(":",$A25,C25+1) -> 18 | E25: =FIND(":",$A25,D25+1) -> 20 | F25: =_xlfn.NUMBERVALUE(MID($A25,B25+1,C25-B25-1)) -> 97.75 | G25: =_xlfn.NUMBERVALUE(MID($A25,C25+1,D25-C25-1)) -> 0 | H25: =_xlfn.NUMBERVALUE(MID($A25,E25+1,1000)) -> #VALUE! | I25: =AND(G24<Threshold,G25>Threshold) -> FALSE | J25: =IF(Table1[[#This Row],[Rising Through Threshold]],Table1[[#This Row],[Start time]],J24) -> 63.75 | K25: =IF(AND(Table1[[#This Row],[Rising Through Threshold]],J24>0),J25-J24,"") | N25: Min | O25: =MIN(Table1[Voltage]) -> 0 | R25: Period | S25: =Table1[[#Totals],[Period]] -> 52.59375
A26: Start:102.0:0.00:a:a: | B26: =FIND(":",$A26,1) -> 6 | C26: =FIND(":",$A26,B26+1) -> 12 | D26: =FIND(":",$A26,C26+1) -> 17 | E26: =FIND(":",$A26,D26+1) -> 19 | F26: =_xlfn.NUMBERVALUE(MID($A26,B26+1,C26-B26-1)) -> 102 | G26: =_xlfn.NUMBERVALUE(MID($A26,C26+1,D26-C26-1)) -> 0 | H26: =_xlfn.NUMBERVALUE(MID($A26,E26+1,1000)) -> #VALUE! | I26: =AND(G25<Threshold,G26>Threshold) -> FALSE | J26: =IF(Table1[[#This Row],[Rising Through Threshold]],Table1[[#This Row],[Start time]],J25) -> 63.75 | K26: =IF(AND(Table1[[#This Row],[Rising Through Threshold]],J25>0),J26-J25,"") | N26: Peak to peak | O26: =O24-O25 -> 5 | R26: Frequency | S26: =1/(S25/1000000) -> 19013.666
A27: Start:106.250:0.49:a:a: | B27: =FIND(":",$A27,1) -> 6 | C27: =FIND(":",$A27,B27+1) -> 14 | D27: =FIND(":",$A27,C27+1) -> 19 | E27: =FIND(":",$A27,D27+1) -> 21 | F27: =_xlfn.NUMBERVALUE(MID($A27,B27+1,C27-B27-1)) -> 106.25 | G27: =_xlfn.NUMBERVALUE(MID($A27,C27+1,D27-C27-1)) -> 0.49 | H27: =_xlfn.NUMBERVALUE(MID($A27,E27+1,1000)) -> #VALUE! | I27: =AND(G26<Threshold,G27>Threshold) -> FALSE | J27: =IF(Table1[[#This Row],[Rising Through Threshold]],Table1[[#This Row],[Start time]],J26) -> 63.75 | K27: =IF(AND(Table1[[#This Row],[Rising Through Threshold]],J26>0),J27-J26,"") | N27: Average | O27: =Table1[[#Totals],[Voltage]] -> 2.372125
A28: Start:110.500:1.94:a:a: | B28: =FIND(":",$A28,1) -> 6 | C28: =FIND(":",$A28,B28+1) -> 14 | D28: =FIND(":",$A28,C28+1) -> 19 | E28: =FIND(":",$A28,D28+1) -> 21 | F28: =_xlfn.NUMBERVALUE(MID($A28,B28+1,C28-B28-1)) -> 110.5 | G28: =_xlfn.NUMBERVALUE(MID($A28,C28+1,D28-C28-1)) -> 1.94 | H28: =_xlfn.NUMBERVALUE(MID($A28,E28+1,1000)) -> #VALUE! | I28: =AND(G27<Threshold,G28>Threshold) -> FALSE | J28: =IF(Table1[[#This Row],[Rising Through Threshold]],Table1[[#This Row],[Start time]],J27) -> 63.75 | K28: =IF(AND(Table1[[#This Row],[Rising Through Threshold]],J27>0),J28-J27,"")
A29: Start:114.750:2.67:a:a: | B29: =FIND(":",$A29,1) -> 6 | C29: =FIND(":",$A29,B29+1) -> 14 | D29: =FIND(":",$A29,C29+1) -> 19 | E29: =FIND(":",$A29,D29+1) -> 21 | F29: =_xlfn.NUMBERVALUE(MID($A29,B29+1,C29-B29-1)) -> 114.75 | G29: =_xlfn.NUMBERVALUE(MID($A29,C29+1,D29-C29-1)) -> 2.67 | H29: =_xlfn.NUMBERVALUE(MID($A29,E29+1,1000)) -> #VALUE! | I29: =AND(G28<Threshold,G29>Threshold) -> TRUE | J29: =IF(Table1[[#This Row],[Rising Through Threshold]],Table1[[#This Row],[Start time]],J28) -> 114.75 | K29: =IF(AND(Table1[[#This Row],[Rising Through Threshold]],J28>0),J29-J28,"") -> 51
A30: Start:119.0:3.27:a:a: | B30: =FIND(":",$A30,1) -> 6 | C30: =FIND(":",$A30,B30+1) -> 12 | D30: =FIND(":",$A30,C30+1) -> 17 | E30: =FIND(":",$A30,D30+1) -> 19 | F30: =_xlfn.NUMBERVALUE(MID($A30,B30+1,C30-B30-1)) -> 119 | G30: =_xlfn.NUMBERVALUE(MID($A30,C30+1,D30-C30-1)) -> 3.27 | H30: =_xlfn.NUMBERVALUE(MID($A30,E30+1,1000)) -> #VALUE! | I30: =AND(G29<Threshold,G30>Threshold) -> FALSE | J30: =IF(Table1[[#This Row],[Rising Through Threshold]],Table1[[#This Row],[Start time]],J29) -> 114.75 | K30: =IF(AND(Table1[[#This Row],[Rising Through Threshold]],J29>0),J30-J29,"")
A31: Start:123.250:4.71:a:a: | B31: =FIND(":",$A31,1) -> 6 | C31: =FIND(":",$A31,B31+1) -> 14 | D31: =FIND(":",$A31,C31+1) -> 19 | E31: =FIND(":",$A31,D31+1) -> 21 | F31: =_xlfn.NUMBERVALUE(MID($A31,B31+1,C31-B31-1)) -> 123.25 | G31: =_xlfn.NUMBERVALUE(MID($A31,C31+1,D31-C31-1)) -> 4.71 | H31: =_xlfn.NUMBERVALUE(MID($A31,E31+1,1000)) -> #VALUE! | I31: =AND(G30<Threshold,G31>Threshold) -> FALSE | J31: =IF(Table1[[#This Row],[Rising Through Threshold]],Table1[[#This Row],[Start time]],J30) -> 114.75 | K31: =IF(AND(Table1[[#This Row],[Rising Through Threshold]],J30>0),J31-J30,"")
A32: Start:127.500:5.00:a:a: | B32: =FIND(":",$A32,1) -> 6 | C32: =FIND(":",$A32,B32+1) -> 14 | D32: =FIND(":",$A32,C32+1) -> 19 | E32: =FIND(":",$A32,D32+1) -> 21 | F32: =_xlfn.NUMBERVALUE(MID($A32,B32+1,C32-B32-1)) -> 127.5 | G32: =_xlfn.NUMBERVALUE(MID($A32,C32+1,D32-C32-1)) -> 5 | H32: =_xlfn.NUMBERVALUE(MID($A32,E32+1,1000)) -> #VALUE! | I32: =AND(G31<Threshold,G32>Threshold) -> FALSE | J32: =IF(Table1[[#This Row],[Rising Through Threshold]],Table1[[#This Row],[Start time]],J31) -> 114.75 | K32: =IF(AND(Table1[[#This Row],[Rising Through Threshold]],J31>0),J32-J31,"")
A33: Start:131.750:4.86:a:a: | B33: =FIND(":",$A33,1) -> 6 | C33: =FIND(":",$A33,B33+1) -> 14 | D33: =FIND(":",$A33,C33+1) -> 19 | E33: =FIND(":",$A33,D33+1) -> 21 | F33: =_xlfn.NUMBERVALUE(MID($A33,B33+1,C33-B33-1)) -> 131.75 | G33: =_xlfn.NUMBERVALUE(MID($A33,C33+1,D33-C33-1)) -> 4.86 | H33: =_xlfn.NUMBERVALUE(MID($A33,E33+1,1000)) -> #VALUE! | I33: =AND(G32<Threshold,G33>Threshold) -> FALSE | J33: =IF(Table1[[#This Row],[Rising Through Threshold]],Table1[[#This Row],[Start time]],J32) -> 114.75 | K33: =IF(AND(Table1[[#This Row],[Rising Through Threshold]],J32>0),J33-J32,"")
A34: Start:136.0:3.00:a:a: | B34: =FIND(":",$A34,1) -> 6 | C34: =FIND(":",$A34,B34+1) -> 12 | D34: =FIND(":",$A34,C34+1) -> 17 | E34: =FIND(":",$A34,D34+1) -> 19 | F34: =_xlfn.NUMBERVALUE(MID($A34,B34+1,C34-B34-1)) -> 136 | G34: =_xlfn.NUMBERVALUE(MID($A34,C34+1,D34-C34-1)) -> 3 | H34: =_xlfn.NUMBERVALUE(MID($A34,E34+1,1000)) -> #VALUE! | I34: =AND(G33<Threshold,G34>Threshold) -> FALSE | J34: =IF(Table1[[#This Row],[Rising Through Threshold]],Table1[[#This Row],[Start time]],J33) -> 114.75 | K34: =IF(AND(Table1[[#This Row],[Rising Through Threshold]],J33>0),J34-J33,"")
A35: Start:140.250:2.06:a:a: | B35: =FIND(":",$A35,1) -> 6 | C35: =FIND(":",$A35,B35+1) -> 14 | D35: =FIND(":",$A35,C35+1) -> 19 | E35: =FIND(":",$A35,D35+1) -> 21 | F35: =_xlfn.NUMBERVALUE(MID($A35,B35+1,C35-B35-1)) -> 140.25 | G35: =_xlfn.NUMBERVALUE(MID($A35,C35+1,D35-C35-1)) -> 2.06 | H35: =_xlfn.NUMBERVALUE(MID($A35,E35+1,1000)) -> #VALUE! | I35: =AND(G34<Threshold,G35>Threshold) -> FALSE | J35: =IF(Table1[[#This Row],[Rising Through Threshold]],Table1[[#This Row],[Start time]],J34) -> 114.75 | K35: =IF(AND(Table1[[#This Row],[Rising Through Threshold]],J34>0),J35-J34,"")
A36: Start:144.500:1.10:a:a: | B36: =FIND(":",$A36,1) -> 6 | C36: =FIND(":",$A36,B36+1) -> 14 | D36: =FIND(":",$A36,C36+1) -> 19 | E36: =FIND(":",$A36,D36+1) -> 21 | F36: =_xlfn.NUMBERVALUE(MID($A36,B36+1,C36-B36-1)) -> 144.5 | G36: =_xlfn.NUMBERVALUE(MID($A36,C36+1,D36-C36-1)) -> 1.1 | H36: =_xlfn.NUMBERVALUE(MID($A36,E36+1,1000)) -> #VALUE! | I36: =AND(G35<Threshold,G36>Threshold) -> FALSE | J36: =IF(Table1[[#This Row],[Rising Through Threshold]],Table1[[#This Row],[Start time]],J35) -> 114.75 | K36: =IF(AND(Table1[[#This Row],[Rising Through Threshold]],J35>0),J36-J35,"")
A37: Start:148.750:0.18:a:a: | B37: =FIND(":",$A37,1) -> 6 | C37: =FIND(":",$A37,B37+1) -> 14 | D37: =FIND(":",$A37,C37+1) -> 19 | E37: =FIND(":",$A37,D37+1) -> 21 | F37: =_xlfn.NUMBERVALUE(MID($A37,B37+1,C37-B37-1)) -> 148.75 | G37: =_xlfn.NUMBERVALUE(MID($A37,C37+1,D37-C37-1)) -> 0.18 | H37: =_xlfn.NUMBERVALUE(MID($A37,E37+1,1000)) -> #VALUE! | I37: =AND(G36<Threshold,G37>Threshold) -> FALSE | J37: =IF(Table1[[#This Row],[Rising Through Threshold]],Table1[[#This Row],[Start time]],J36) -> 114.75 | K37: =IF(AND(Table1[[#This Row],[Rising Through Threshold]],J36>0),J37-J36,"")
A38: Start:153.0:0.00:a:a: | B38: =FIND(":",$A38,1) -> 6 | C38: =FIND(":",$A38,B38+1) -> 12 | D38: =FIND(":",$A38,C38+1) -> 17 | E38: =FIND(":",$A38,D38+1) -> 19 | F38: =_xlfn.NUMBERVALUE(MID($A38,B38+1,C38-B38-1)) -> 153 | G38: =_xlfn.NUMBERVALUE(MID($A38,C38+1,D38-C38-1)) -> 0 | H38: =_xlfn.NUMBERVALUE(MID($A38,E38+1,1000)) -> #VALUE! | I38: =AND(G37<Threshold,G38>Threshold) -> FALSE | J38: =IF(Table1[[#This Row],[Rising Through Threshold]],Table1[[#This Row],[Start time]],J37) -> 114.75 | K38: =IF(AND(Table1[[#This Row],[Rising Through Threshold]],J37>0),J38-J37,"")
A39: Start:157.250:0.47:a:a: | B39: =FIND(":",$A39,1) -> 6 | C39: =FIND(":",$A39,B39+1) -> 14 | D39: =FIND(":",$A39,C39+1) -> 19 | E39: =FIND(":",$A39,D39+1) -> 21 | F39: =_xlfn.NUMBERVALUE(MID($A39,B39+1,C39-B39-1)) -> 157.25 | G39: =_xlfn.NUMBERVALUE(MID($A39,C39+1,D39-C39-1)) -> 0.47 | H39: =_xlfn.NUMBERVALUE(MID($A39,E39+1,1000)) -> #VALUE! | I39: =AND(G38<Threshold,G39>Threshold) -> FALSE | J39: =IF(Table1[[#This Row],[Rising Through Threshold]],Table1[[#This Row],[Start time]],J38) -> 114.75 | K39: =IF(AND(Table1[[#This Row],[Rising Through Threshold]],J38>0),J39-J38,"")
... A401: Start:1695.750:4.00:a:a: | B401: =FIND(":",$A401,1) -> 6 | C401: =FIND(":",$A401,B401+1) -> 15 | D401: =FIND(":",$A401,C401+1) -> 20 | E401: =FIND(":",$A401,D401+1) -> 22 | F401: =_xlfn.NUMBERVALUE(MID($A401,B401+1,C401-B401-1)) -> 1695.75 | G401: =_xlfn.NUMBERVALUE(MID($A401,C401+1,D401-C401-1)) -> 4 | H401: =_xlfn.NUMBERVALUE(MID($A401,E401+1,1000)) -> #VALUE! | I401: =AND(G400<Threshold,G401>Threshold) -> FALSE | J401: =IF(Table1[[#This Row],[Rising Through Threshold]],Table1[[#This Row],[Start time]],J400) -> 1691.5 | K401: =IF(AND(Table1[[#This Row],[Rising Through Threshold]],J400>0),J401-J400,"")
A402: Total | G402: =SUBTOTAL(101,Table1[Voltage]) -> 2.372125 | K402: =SUBTOTAL(101,Table1[Period]) -> 52.59375

Sheet Data In
A1: Data In (From Arduino Uno (COM3))
A2: Data coming from the current data source will appear below as it is received.
A3: Current Data
A4: TIME | B4: CH1 | C4: CH2 | D4: CH3 | E4: CH4 | F4: CH5 | G4: CH6 | H4: CH7 | I4: CH8 | J4: CH9 | K4: CH10
A5: 45997.682 | B5: 5205.84 | C5: 2.84 | D5: a | E5: a | F5: 4000 | G5: 5 | H5: 0 | I5: 7
A6: Historical Data
A7: TIME | B7: CH1 | C7: CH2 | D7: CH3 | E7: CH4 | F7: CH5 | G7: CH6 | H7: CH7 | I7: CH8 | J7: CH9 | K7: CH10
A8: 45997.682 | B8: 0 | C8: 0.51 | D8: a | E8: a | F8: 4000 | G8: 5 | H8: 1 | I8: 0
A9: 45997.682 | B9: 26.16 | C9: 0.63 | D9: a | E9: a | F9: 4000 | G9: 5 | H9: 1 | I9: 0
A10: 45997.682 | B10: 52.32 | C10: 0.8 | D10: a | E10: a | F10: 4000 | G10: 5 | H10: 1 | I10: 0
A11: 45997.682 | B11: 78.48 | C11: 1.06 | D11: a | E11: a | F11: 4000 | G11: 5 | H11: 1 | I11: 0
A12: 45997.682 | B12: 104.64 | C12: 1.31 | D12: a | E12: a | F12: 4000 | G12: 5 | H12: 1 | I12: 0
A13: 45997.682 | B13: 130.8 | C13: 1.59 | D13: a | E13: a | F13: 4000 | G13: 5 | H13: 1 | I13: 0
A14: 45997.682 | B14: 156.96 | C14: 1.84 | D14: a | E14: a | F14: 4000 | G14: 5 | H14: 1 | I14: 0
A15: 45997.682 | B15: 183.12 | C15: 2.1 | D15: a | E15: a | F15: 4000 | G15: 5 | H15: 0 | I15: 1
A16: 45997.682 | B16: 209.28 | C16: 2.31 | D16: a | E16: a | F16: 4000 | G16: 5 | H16: 0 | I16: 1
A17: 45997.682 | B17: 235.44 | C17: 2.53 | D17: a | E17: a | F17: 4000 | G17: 5 | H17: 0 | I17: 1
A18: 45997.682 | B18: 261.6 | C18: 2.71 | D18: a | E18: a | F18: 4000 | G18: 5 | H18: 0 | I18: 1
A19: 45997.682 | B19: 287.76 | C19: 2.88 | D19: a | E19: a | F19: 4000 | G19: 5 | H19: 0 | I19: 1
... A207: 45997.682 | B207: 5205.84 | C207: 2.84 | D207: a | E207: a | F207: 4000 | G207: 5 | H207: 0 | I207: 7

Sheet Data Out
A1: Data Out (To Device)
A2: Data entered into the channels below will be sent to the currently connected device as a comma-delimited string.
A4: CH1 | B4: CH2 | C4: CH3 | D4: CH4 | E4: CH5 | F4: CH6 | G4: CH7 | H4: CH8 | I4: CH9 | J4: CH10
A5: ='CH2 DStream'!AB33 -> 4000 | B5: ='CH2 DStream'!AB34 -> 5

Sheet Settings
A1: Workbook Settings
A2: Settings below will affect how data is read into the current workbook from data sources. Clear a field's contents to revert to its default setting.
A4: Data interval (ms) | B4: 150 | C4: 150
A6: Data rows | B6: 15 | C6: 200
A8: Data channels | B8: 10 | C8: 10
A10: Data orientation | B10: Newest last | C10: Newest last
A13: WARNING: Changing settings may result in the loss of content and/or custom formatting in the Data In and Data Out worksheets. Always save before changing values.

Sheet Manifest
A1: Arduino Uno | L1: {"Channels":[{"Description":null,"Id":null,"IsGhost":false,"Name":null,"Status":"Active","SubChannels":[{"Description":null,"Id":"CH1","IsGhost":false,"Name":"CH1","Status":"Active","SubChannels":[],"UnitOfMeasure":null},{"Description":null,"Id":"CH2","IsGhost":false,"Name":"CH2","Status":"Active","SubChannels":[],"UnitOfMeasure":null},{"Description":null,"Id":"CH3","IsGhost":false,"Name":"CH3","Status":"Active","SubChannels":[],"UnitOfMeasure":null},{"Description":null,"Id":"CH4","IsGhost":false,"Name":"CH4","Status":"Active","SubChannels":[],"UnitOfMeasure":null},{"Description":null,"Id":"CH5","IsGhost":false,"Name":"CH5","Status":"Active","SubChannels":[],"UnitOfMeasure":null},{"Description":null,"Id":"CH6","IsGhost":false,"Name":"CH6","Status":"Active","SubChannels":[],"UnitOfMeasure":null},{"Description":null,"Id":"CH7","IsGhost":false,"Name":"CH7","Status":"Active","SubChannels":[],"UnitOfMeasure":null},{"Description":null,"Id":"CH8","IsGhost":false,"Name":"CH8","Status":"Active","SubChannels":[],"UnitOfMeasure":null},{"Description":null,"Id":"CH9","IsGhost":false,"Name":"CH9","Status":"Active","SubChannels":[],"UnitOfMeasure":null},{"Description":null,"Id":"CH10","IsGhost":false,"Name":"CH10","Status":"Active","SubChannels":[],"UnitOfMeasure":null}],"UnitOfMeasure":null}],"Commands":[],"DataInterval":150,"Id":"EA312006-51C5-4E13-A001-13DBEA7DC431","IsGenerated":true,"Name":"Arduino Uno","Version":null,"BaudRate":38400}
A2: This manifest was generated for the connected device. You can edit the device name and channel data here and the Data In worksheet will be updated.
B3: Channels
I4: Data Source Id
C5: Id | D5: Name | E5: Description | F5: Unit of Measure | G5: Active | I5: EA312006-51C5-4E13-A001-13DBEA7DC431 | K5: 1
C6: CH1 | D6: CH1 | G6: ü | I6: Data Interval (ms)
C7: CH2 | D7: CH2 | G7: ü | I7: 150
C8: CH3 | D8: CH3 | G8: ü | I8: Baud Rate
C9: CH4 | D9: CH4 | G9: ü | I9: 38400
C10: CH5 | D10: CH5 | G10: ü
C11: CH6 | D11: CH6 | G11: ü
C12: CH7 | D12: CH7 | G12: ü
C13: CH8 | D13: CH8 | G13: ü
C14: CH9 | D14: CH9 | G14: ü
C15: CH10 | D15: CH10 | G15: ü

Sheet CH2 DStream
A1: Serial Data | B1: colon 1 | C1: colon 2 | D1: colon 3 | E1: colon 4 | F1: Start time | G1: Voltage | H1: End time | I1: Rising Through Threshold | J1: Last | K1: Period | L1: Above Theshold | M1: include in duty | N1: Start time2 | O1: Voltage2 | P1: End time2 | Q1: Rising Through Threshold2 | R1: Last2 | S1: Period2 | T1: Above Threshold2 | U1: include in duty2 | V1: not restart | W1: seq | X1: =MAX(X2:X201) -> 0 | Y1: count
A2: Start:8:4.18: | B2: =FIND(":",$A2,1) -> 6 | C2: =FIND(":",$A2,B2+1) -> 8 | D2: =FIND(":",$A2,C2+1) -> 13 | E2: =FIND(":",$A2,D2+1) -> #VALUE! | F2: =IF(Table156[[#This Row],[seq]]>=Table156[[#Totals],[seq]],'Data In'!B8,"") -> 0 | G2: ='Data In'!C8 -> 0.51 | H2: =_xlfn.NUMBERVALUE(MID($A2,E2+1,1000)) -> #VALUE! | I2: =AND(G1<Threshold,G2>Threshold) -> FALSE | K2: =IF(AND(Table156[[#This Row],[Rising Through Threshold]],J1>0),J2-J1,"") | L2: =IF(Table156[[#This Row],[Voltage]]>Threshold,1,0) -> 0 | M2: =AND(Table156[[#This Row],[Last]]>0,Table156[[#This Row],[Last]]<MAX(Table156[Last])) -> FALSE | N2: ='Data In'!D8 -> a | O2: ='Data In'!E8 -> a | P2: =_xlfn.NUMBERVALUE(MID($A2,K2+1,1000)) -> #VALUE! | Q2: =AND(O1<Threshold2,O2>Threshold2) -> #DIV/0! | S2: =IF(AND(Table156[[#This Row],[Rising Through Threshold2]],R1>0),R2-R1,"") -> #DIV/0! | T2: =IF(Table156[[#This Row],[Voltage2]]>Threshold2,1,0) -> #DIV/0! | U2: =AND(Table156[[#This Row],[Last2]]>0,Table156[[#This Row],[Last2]]<MAX(Table156[Last2])) -> #DIV/0! | V2: =OR('Data In'!B8>'Data In'!B7) -> FALSE | W2: =COUNTIF($V$2:V2,"false") -> 1 | Y2: =COUNTIF(Table156[include in duty2],TRUE) -> 0
A3: Start:216:4.09: | B3: =FIND(":",$A3,1) -> 6 | C3: =FIND(":",$A3,B3+1) -> 10 | D3: =FIND(":",$A3,C3+1) -> 15 | E3: =FIND(":",$A3,D3+1) -> #VALUE! | F3: =IF(Table156[[#This Row],[seq]]>=Table156[[#Totals],[seq]],'Data In'!B9,"") -> 26.16 | G3: ='Data In'!C9 -> 0.63 | H3: =_xlfn.NUMBERVALUE(MID($A3,E3+1,1000)) -> #VALUE! | I3: =AND(G2<Threshold,G3>Threshold) -> FALSE | J3: =IF(Table156[[#This Row],[Rising Through Threshold]],Table156[[#This Row],[Start time]],J2) -> 0 | K3: =IF(AND(Table156[[#This Row],[Rising Through Threshold]],J2>0),J3-J2,"") | L3: =IF(Table156[[#This Row],[Voltage]]>Threshold,1,0) -> 0 | M3: =AND(Table156[[#This Row],[Last]]>0,Table156[[#This Row],[Last]]<MAX(Table156[Last])) -> FALSE | N3: ='Data In'!D9 -> a | O3: ='Data In'!E9 -> a | P3: =_xlfn.NUMBERVALUE(MID($A3,K3+1,1000)) -> #VALUE! | Q3: =AND(O2<Threshold2,O3>Threshold2) -> #DIV/0! | R3: =IF(Table156[[#This Row],[Rising Through Threshold2]],Table156[[#This Row],[Start time2]],R2) -> #DIV/0! | S3: =IF(AND(Table156[[#This Row],[Rising Through Threshold2]],R2>0),R3-R2,"") -> #DIV/0! | T3: =IF(Table156[[#This Row],[Voltage2]]>Threshold2,1,0) -> #DIV/0! | U3: =AND(Table156[[#This Row],[Last2]]>0,Table156[[#This Row],[Last2]]<MAX(Table156[Last2])) -> #DIV/0! | V3: =OR('Data In'!B9>'Data In'!B8) -> TRUE | W3: =COUNTIF($V$2:V3,"false") -> 1 | Y3: sum
A4: Start:328:3.92: | B4: =FIND(":",$A4,1) -> 6 | C4: =FIND(":",$A4,B4+1) -> 10 | D4: =FIND(":",$A4,C4+1) -> 15 | E4: =FIND(":",$A4,D4+1) -> #VALUE! | F4: =IF(Table156[[#This Row],[seq]]>=Table156[[#Totals],[seq]],'Data In'!B10,"") -> 52.32 | G4: ='Data In'!C10 -> 0.8 | H4: =_xlfn.NUMBERVALUE(MID($A4,E4+1,1000)) -> #VALUE! | I4: =AND(G3<Threshold,G4>Threshold) -> FALSE | J4: =IF(Table156[[#This Row],[Rising Through Threshold]],Table156[[#This Row],[Start time]],J3) -> 0 | K4: =IF(AND(Table156[[#This Row],[Rising Through Threshold]],J3>0),J4-J3,"") | L4: =IF(Table156[[#This Row],[Voltage]]>Threshold,1,0) -> 0 | M4: =AND(Table156[[#This Row],[Last]]>0,Table156[[#This Row],[Last]]<MAX(Table156[Last])) -> FALSE | N4: ='Data In'!D10 -> a | O4: ='Data In'!E10 -> a | P4: =_xlfn.NUMBERVALUE(MID($A4,K4+1,1000)) -> #VALUE! | Q4: =AND(O3<Threshold2,O4>Threshold2) -> #DIV/0! | R4: =IF(Table156[[#This Row],[Rising Through Threshold2]],Table156[[#This Row],[Start time2]],R3) -> #DIV/0! | S4: =IF(AND(Table156[[#This Row],[Rising Through Threshold2]],R3>0),R4-R3,"") -> #DIV/0! | T4: =IF(Table156[[#This Row],[Voltage2]]>Threshold2,1,0) -> #DIV/0! | U4: =AND(Table156[[#This Row],[Last2]]>0,Table156[[#This Row],[Last2]]<MAX(Table156[Last2])) -> #DIV/0! | V4: =OR('Data In'!B10>'Data In'!B9) -> TRUE | W4: =COUNTIF($V$2:V4,"false") -> 1 | Y4: =SUMIF(Table156[include in duty2],TRUE,Table156[Above Threshold2]) -> 0
A5: Start:440:3.68: | B5: =FIND(":",$A5,1) -> 6 | C5: =FIND(":",$A5,B5+1) -> 10 | D5: =FIND(":",$A5,C5+1) -> 15 | E5: =FIND(":",$A5,D5+1) -> #VALUE! | F5: =IF(Table156[[#This Row],[seq]]>=Table156[[#Totals],[seq]],'Data In'!B11,"") -> 78.48 | G5: ='Data In'!C11 -> 1.06 | H5: =_xlfn.NUMBERVALUE(MID($A5,E5+1,1000)) -> #VALUE! | I5: =AND(G4<Threshold,G5>Threshold) -> FALSE | J5: =IF(Table156[[#This Row],[Rising Through Threshold]],Table156[[#This Row],[Start time]],J4) -> 0 | K5: =IF(AND(Table156[[#This Row],[Rising Through Threshold]],J4>0),J5-J4,"") | L5: =IF(Table156[[#This Row],[Voltage]]>Threshold,1,0) -> 0 | M5: =AND(Table156[[#This Row],[Last]]>0,Table156[[#This Row],[Last]]<MAX(Table156[Last])) -> FALSE | N5: ='Data In'!D11 -> a | O5: ='Data In'!E11 -> a | P5: =_xlfn.NUMBERVALUE(MID($A5,K5+1,1000)) -> #VALUE! | Q5: =AND(O4<Threshold2,O5>Threshold2) -> #DIV/0! | R5: =IF(Table156[[#This Row],[Rising Through Threshold2]],Table156[[#This Row],[Start time2]],R4) -> #DIV/0! | S5: =IF(AND(Table156[[#This Row],[Rising Through Threshold2]],R4>0),R5-R4,"") -> #DIV/0! | T5: =IF(Table156[[#This Row],[Voltage2]]>Threshold2,1,0) -> #DIV/0! | U5: =AND(Table156[[#This Row],[Last2]]>0,Table156[[#This Row],[Last2]]<MAX(Table156[Last2])) -> #DIV/0! | V5: =OR('Data In'!B11>'Data In'!B10) -> TRUE | W5: =COUNTIF($V$2:V5,"false") -> 1 | Y5: count
A6: Start:552:3.39: | B6: =FIND(":",$A6,1) -> 6 | C6: =FIND(":",$A6,B6+1) -> 10 | D6: =FIND(":",$A6,C6+1) -> 15 | E6: =FIND(":",$A6,D6+1) -> #VALUE! | F6: =IF(Table156[[#This Row],[seq]]>=Table156[[#Totals],[seq]],'Data In'!B12,"") -> 104.64 | G6: ='Data In'!C12 -> 1.31 | H6: =_xlfn.NUMBERVALUE(MID($A6,E6+1,1000)) -> #VALUE! | I6: =AND(G5<Threshold,G6>Threshold) -> FALSE | J6: =IF(Table156[[#This Row],[Rising Through Threshold]],Table156[[#This Row],[Start time]],J5) -> 0 | K6: =IF(AND(Table156[[#This Row],[Rising Through Threshold]],J5>0),J6-J5,"") | L6: =IF(Table156[[#This Row],[Voltage]]>Threshold,1,0) -> 0 | M6: =AND(Table156[[#This Row],[Last]]>0,Table156[[#This Row],[Last]]<MAX(Table156[Last])) -> FALSE | N6: ='Data In'!D12 -> a | O6: ='Data In'!E12 -> a | P6: =_xlfn.NUMBERVALUE(MID($A6,K6+1,1000)) -> #VALUE! | Q6: =AND(O5<Threshold2,O6>Threshold2) -> #DIV/0! | R6: =IF(Table156[[#This Row],[Rising Through Threshold2]],Table156[[#This Row],[Start time2]],R5) -> #DIV/0! | S6: =IF(AND(Table156[[#This Row],[Rising Through Threshold2]],R5>0),R6-R5,"") -> #DIV/0! | T6: =IF(Table156[[#This Row],[Voltage2]]>Threshold2,1,0) -> #DIV/0! | U6: =AND(Table156[[#This Row],[Last2]]>0,Table156[[#This Row],[Last2]]<MAX(Table156[Last2])) -> #DIV/0! | V6: =OR('Data In'!B12>'Data In'!B11) -> TRUE | W6: =COUNTIF($V$2:V6,"false") -> 1 | Y6: =COUNTIF(Table156[include in duty],TRUE) -> 175
A7: Start:664:3.06: | B7: =FIND(":",$A7,1) -> 6 | C7: =FIND(":",$A7,B7+1) -> 10 | D7: =FIND(":",$A7,C7+1) -> 15 | E7: =FIND(":",$A7,D7+1) -> #VALUE! | F7: =IF(Table156[[#This Row],[seq]]>=Table156[[#Totals],[seq]],'Data In'!B13,"") -> 130.8 | G7: ='Data In'!C13 -> 1.59 | H7: =_xlfn.NUMBERVALUE(MID($A7,E7+1,1000)) -> #VALUE! | I7: =AND(G6<Threshold,G7>Threshold) -> FALSE | J7: =IF(Table156[[#This Row],[Rising Through Threshold]],Table156[[#This Row],[Start time]],J6) -> 0 | K7: =IF(AND(Table156[[#This Row],[Rising Through Threshold]],J6>0),J7-J6,"") | L7: =IF(Table156[[#This Row],[Voltage]]>Threshold,1,0) -> 0 | M7: =AND(Table156[[#This Row],[Last]]>0,Table156[[#This Row],[Last]]<MAX(Table156[Last])) -> FALSE | N7: ='Data In'!D13 -> a | O7: ='Data In'!E13 -> a | P7: =_xlfn.NUMBERVALUE(MID($A7,K7+1,1000)) -> #VALUE! | Q7: =AND(O6<Threshold2,O7>Threshold2) -> #DIV/0! | R7: =IF(Table156[[#This Row],[Rising Through Threshold2]],Table156[[#This Row],[Start time2]],R6) -> #DIV/0! | S7: =IF(AND(Table156[[#This Row],[Rising Through Threshold2]],R6>0),R7-R6,"") -> #DIV/0! | T7: =IF(Table156[[#This Row],[Voltage2]]>Threshold2,1,0) -> #DIV/0! | U7: =AND(Table156[[#This Row],[Last2]]>0,Table156[[#This Row],[Last2]]<MAX(Table156[Last2])) -> #DIV/0! | V7: =OR('Data In'!B13>'Data In'!B12) -> TRUE | W7: =COUNTIF($V$2:V7,"false") -> 1 | Y7: sum
A8: Start:776:2.71: | B8: =FIND(":",$A8,1) -> 6 | C8: =FIND(":",$A8,B8+1) -> 10 | D8: =FIND(":",$A8,C8+1) -> 15 | E8: =FIND(":",$A8,D8+1) -> #VALUE! | F8: =IF(Table156[[#This Row],[seq]]>=Table156[[#Totals],[seq]],'Data In'!B14,"") -> 156.96 | G8: ='Data In'!C14 -> 1.84 | H8: =_xlfn.NUMBERVALUE(MID($A8,E8+1,1000)) -> #VALUE! | I8: =AND(G7<Threshold,G8>Threshold) -> FALSE | J8: =IF(Table156[[#This Row],[Rising Through Threshold]],Table156[[#This Row],[Start time]],J7) -> 0 | K8: =IF(AND(Table156[[#This Row],[Rising Through Threshold]],J7>0),J8-J7,"") | L8: =IF(Table156[[#This Row],[Voltage]]>Threshold,1,0) -> 0 | M8: =AND(Table156[[#This Row],[Last]]>0,Table156[[#This Row],[Last]]<MAX(Table156[Last])) -> FALSE | N8: ='Data In'!D14 -> a | O8: ='Data In'!E14 -> a | P8: =_xlfn.NUMBERVALUE(MID($A8,K8+1,1000)) -> #VALUE! | Q8: =AND(O7<Threshold2,O8>Threshold2) -> #DIV/0! | R8: =IF(Table156[[#This Row],[Rising Through Threshold2]],Table156[[#This Row],[Start time2]],R7) -> #DIV/0! | S8: =IF(AND(Table156[[#This Row],[Rising Through Threshold2]],R7>0),R8-R7,"") -> #DIV/0! | T8: =IF(Table156[[#This Row],[Voltage2]]>Threshold2,1,0) -> #DIV/0! | U8: =AND(Table156[[#This Row],[Last2]]>0,Table156[[#This Row],[Last2]]<MAX(Table156[Last2])) -> #DIV/0! | V8: =OR('Data In'!B14>'Data In'!B13) -> TRUE | W8: =COUNTIF($V$2:V8,"false") -> 1 | Y8: =SUMIF(Table156[include in duty],TRUE,Table156[Above Theshold]) -> 96
A9: Start:888:2.34: | B9: =FIND(":",$A9,1) -> 6 | C9: =FIND(":",$A9,B9+1) -> 10 | D9: =FIND(":",$A9,C9+1) -> 15 | E9: =FIND(":",$A9,D9+1) -> #VALUE! | F9: =IF(Table156[[#This Row],[seq]]>=Table156[[#Totals],[seq]],'Data In'!B15,"") -> 183.12 | G9: ='Data In'!C15 -> 2.1 | H9: =_xlfn.NUMBERVALUE(MID($A9,E9+1,1000)) -> #VALUE! | I9: =AND(G8<Threshold,G9>Threshold) -> FALSE | J9: =IF(Table156[[#This Row],[Rising Through Threshold]],Table156[[#This Row],[Start time]],J8) -> 0 | K9: =IF(AND(Table156[[#This Row],[Rising Through Threshold]],J8>0),J9-J8,"") | L9: =IF(Table156[[#This Row],[Voltage]]>Threshold,1,0) -> 0 | M9: =AND(Table156[[#This Row],[Last]]>0,Table156[[#This Row],[Last]]<MAX(Table156[Last])) -> FALSE | N9: ='Data In'!D15 -> a | O9: ='Data In'!E15 -> a | P9: =_xlfn.NUMBERVALUE(MID($A9,K9+1,1000)) -> #VALUE! | Q9: =AND(O8<Threshold2,O9>Threshold2) -> #DIV/0! | R9: =IF(Table156[[#This Row],[Rising Through Threshold2]],Table156[[#This Row],[Start time2]],R8) -> #DIV/0! | S9: =IF(AND(Table156[[#This Row],[Rising Through Threshold2]],R8>0),R9-R8,"") -> #DIV/0! | T9: =IF(Table156[[#This Row],[Voltage2]]>Threshold2,1,0) -> #DIV/0! | U9: =AND(Table156[[#This Row],[Last2]]>0,Table156[[#This Row],[Last2]]<MAX(Table156[Last2])) -> #DIV/0! | V9: =OR('Data In'!B15>'Data In'!B14) -> TRUE | W9: =COUNTIF($V$2:V9,"false") -> 1
A10: Start:1000:1.97: | B10: =FIND(":",$A10,1) -> 6 | C10: =FIND(":",$A10,B10+1) -> 11 | D10: =FIND(":",$A10,C10+1) -> 16 | E10: =FIND(":",$A10,D10+1) -> #VALUE! | F10: =IF(Table156[[#This Row],[seq]]>=Table156[[#Totals],[seq]],'Data In'!B16,"") -> 209.28 | G10: ='Data In'!C16 -> 2.31 | H10: =_xlfn.NUMBERVALUE(MID($A10,E10+1,1000)) -> #VALUE! | I10: =AND(G9<Threshold,G10>Threshold) -> FALSE | J10: =IF(Table156[[#This Row],[Rising Through Threshold]],Table156[[#This Row],[Start time]],J9) -> 0 | K10: =IF(AND(Table156[[#This Row],[Rising Through Threshold]],J9>0),J10-J9,"") | L10: =IF(Table156[[#This Row],[Voltage]]>Threshold,1,0) -> 0 | M10: =AND(Table156[[#This Row],[Last]]>0,Table156[[#This Row],[Last]]<MAX(Table156[Last])) -> FALSE | N10: ='Data In'!D16 -> a | O10: ='Data In'!E16 -> a | P10: =_xlfn.NUMBERVALUE(MID($A10,K10+1,1000)) -> #VALUE! | Q10: =AND(O9<Threshold2,O10>Threshold2) -> #DIV/0! | R10: =IF(Table156[[#This Row],[Rising Through Threshold2]],Table156[[#This Row],[Start time2]],R9) -> #DIV/0! | S10: =IF(AND(Table156[[#This Row],[Rising Through Threshold2]],R9>0),R10-R9,"") -> #DIV/0! | T10: =IF(Table156[[#This Row],[Voltage2]]>Threshold2,1,0) -> #DIV/0! | U10: =AND(Table156[[#This Row],[Last2]]>0,Table156[[#This Row],[Last2]]<MAX(Table156[Last2])) -> #DIV/0! | V10: =OR('Data In'!B16>'Data In'!B15) -> TRUE | W10: =COUNTIF($V$2:V10,"false") -> 1
A11: Start:1112:1.63: | B11: =FIND(":",$A11,1) -> 6 | C11: =FIND(":",$A11,B11+1) -> 11 | D11: =FIND(":",$A11,C11+1) -> 16 | E11: =FIND(":",$A11,D11+1) -> #VALUE! | F11: =IF(Table156[[#This Row],[seq]]>=Table156[[#Totals],[seq]],'Data In'!B17,"") -> 235.44 | G11: ='Data In'!C17 -> 2.53 | H11: =_xlfn.NUMBERVALUE(MID($A11,E11+1,1000)) -> #VALUE! | I11: =AND(G10<Threshold,G11>Threshold) -> TRUE | J11: =IF(Table156[[#This Row],[Rising Through Threshold]],Table156[[#This Row],[Start time]],J10) -> 235.44 | K11: =IF(AND(Table156[[#This Row],[Rising Through Threshold]],J10>0),J11-J10,"") | L11: =IF(Table156[[#This Row],[Voltage]]>Threshold,1,0) -> 1 | M11: =AND(Table156[[#This Row],[Last]]>0,Table156[[#This Row],[Last]]<MAX(Table156[Last])) -> TRUE | N11: ='Data In'!D17 -> a | O11: ='Data In'!E17 -> a | P11: =_xlfn.NUMBERVALUE(MID($A11,K11+1,1000)) -> #VALUE! | Q11: =AND(O10<Threshold2,O11>Threshold2) -> #DIV/0! | R11: =IF(Table156[[#This Row],[Rising Through Threshold2]],Table156[[#This Row],[Start time2]],R10) -> #DIV/0! | S11: =IF(AND(Table156[[#This Row],[Rising Through Threshold2]],R10>0),R11-R10,"") -> #DIV/0! | T11: =IF(Table156[[#This Row],[Voltage2]]>Threshold2,1,0) -> #DIV/0! | U11: =AND(Table156[[#This Row],[Last2]]>0,Table156[[#This Row],[Last2]]<MAX(Table156[Last2])) -> #DIV/0! | V11: =OR('Data In'!B17>'Data In'!B16) -> TRUE | W11: =COUNTIF($V$2:V11,"false") -> 1
A12: Start:1224:1.32: | B12: =FIND(":",$A12,1) -> 6 | C12: =FIND(":",$A12,B12+1) -> 11 | D12: =FIND(":",$A12,C12+1) -> 16 | E12: =FIND(":",$A12,D12+1) -> #VALUE! | F12: =IF(Table156[[#This Row],[seq]]>=Table156[[#Totals],[seq]],'Data In'!B18,"") -> 261.6 | G12: ='Data In'!C18 -> 2.71 | H12: =_xlfn.NUMBERVALUE(MID($A12,E12+1,1000)) -> #VALUE! | I12: =AND(G11<Threshold,G12>Threshold) -> FALSE | J12: =IF(Table156[[#This Row],[Rising Through Threshold]],Table156[[#This Row],[Start time]],J11) -> 235.44 | K12: =IF(AND(Table156[[#This Row],[Rising Through Threshold]],J11>0),J12-J11,"") | L12: =IF(Table156[[#This Row],[Voltage]]>Threshold,1,0) -> 1 | M12: =AND(Table156[[#This Row],[Last]]>0,Table156[[#This Row],[Last]]<MAX(Table156[Last])) -> TRUE | N12: ='Data In'!D18 -> a | O12: ='Data In'!E18 -> a | P12: =_xlfn.NUMBERVALUE(MID($A12,K12+1,1000)) -> #VALUE! | Q12: =AND(O11<Threshold2,O12>Threshold2) -> #DIV/0! | R12: =IF(Table156[[#This Row],[Rising Through Threshold2]],Table156[[#This Row],[Start time2]],R11) -> #DIV/0! | S12: =IF(AND(Table156[[#This Row],[Rising Through Threshold2]],R11>0),R12-R11,"") -> #DIV/0! | T12: =IF(Table156[[#This Row],[Voltage2]]>Threshold2,1,0) -> #DIV/0! | U12: =AND(Table156[[#This Row],[Last2]]>0,Table156[[#This Row],[Last2]]<MAX(Table156[Last2])) -> #DIV/0! | V12: =OR('Data In'!B18>'Data In'!B17) -> TRUE | W12: =COUNTIF($V$2:V12,"false") -> 1
A13: Start:1336:1.09: | B13: =FIND(":",$A13,1) -> 6 | C13: =FIND(":",$A13,B13+1) -> 11 | D13: =FIND(":",$A13,C13+1) -> 16 | E13: =FIND(":",$A13,D13+1) -> #VALUE! | F13: =IF(Table156[[#This Row],[seq]]>=Table156[[#Totals],[seq]],'Data In'!B19,"") -> 287.76 | G13: ='Data In'!C19 -> 2.88 | H13: =_xlfn.NUMBERVALUE(MID($A13,E13+1,1000)) -> #VALUE! | I13: =AND(G12<Threshold,G13>Threshold) -> FALSE | J13: =IF(Table156[[#This Row],[Rising Through Threshold]],Table156[[#This Row],[Start time]],J12) -> 235.44 | K13: =IF(AND(Table156[[#This Row],[Rising Through Threshold]],J12>0),J13-J12,"") | L13: =IF(Table156[[#This Row],[Voltage]]>Threshold,1,0) -> 1 | M13: =AND(Table156[[#This Row],[Last]]>0,Table156[[#This Row],[Last]]<MAX(Table156[Last])) -> TRUE | N13: ='Data In'!D19 -> a | O13: ='Data In'!E19 -> a | P13: =_xlfn.NUMBERVALUE(MID($A13,K13+1,1000)) -> #VALUE! | Q13: =AND(O12<Threshold2,O13>Threshold2) -> #DIV/0! | R13: =IF(Table156[[#This Row],[Rising Through Threshold2]],Table156[[#This Row],[Start time2]],R12) -> #DIV/0! | S13: =IF(AND(Table156[[#This Row],[Rising Through Threshold2]],R12>0),R13-R12,"") -> #DIV/0! | T13: =IF(Table156[[#This Row],[Voltage2]]>Threshold2,1,0) -> #DIV/0! | U13: =AND(Table156[[#This Row],[Last2]]>0,Table156[[#This Row],[Last2]]<MAX(Table156[Last2])) -> #DIV/0! | V13: =OR('Data In'!B19>'Data In'!B18) -> TRUE | W13: =COUNTIF($V$2:V13,"false") -> 1
A14: Start:1448:0.92: | B14: =FIND(":",$A14,1) -> 6 | C14: =FIND(":",$A14,B14+1) -> 11 | D14: =FIND(":",$A14,C14+1) -> 16 | E14: =FIND(":",$A14,D14+1) -> #VALUE! | F14: =IF(Table156[[#This Row],[seq]]>=Table156[[#Totals],[seq]],'Data In'!B20,"") -> 313.92 | G14: ='Data In'!C20 -> 3.04 | H14: =_xlfn.NUMBERVALUE(MID($A14,E14+1,1000)) -> #VALUE! | I14: =AND(G13<Threshold,G14>Threshold) -> FALSE | J14: =IF(Table156[[#This Row],[Rising Through Threshold]],Table156[[#This Row],[Start time]],J13) -> 235.44 | K14: =IF(AND(Table156[[#This Row],[Rising Through Threshold]],J13>0),J14-J13,"") | L14: =IF(Table156[[#This Row],[Voltage]]>Threshold,1,0) -> 1 | M14: =AND(Table156[[#This Row],[Last]]>0,Table156[[#This Row],[Last]]<MAX(Table156[Last])) -> TRUE | N14: ='Data In'!D20 -> a | O14: ='Data In'!E20 -> a | P14: =_xlfn.NUMBERVALUE(MID($A14,K14+1,1000)) -> #VALUE! | Q14: =AND(O13<Threshold2,O14>Threshold2) -> #DIV/0! | R14: =IF(Table156[[#This Row],[Rising Through Threshold2]],Table156[[#This Row],[Start time2]],R13) -> #DIV/0! | S14: =IF(AND(Table156[[#This Row],[Rising Through Threshold2]],R13>0),R14-R13,"") -> #DIV/0! | T14: =IF(Table156[[#This Row],[Voltage2]]>Threshold2,1,0) -> #DIV/0! | U14: =AND(Table156[[#This Row],[Last2]]>0,Table156[[#This Row],[Last2]]<MAX(Table156[Last2])) -> #DIV/0! | V14: =OR('Data In'!B20>'Data In'!B19) -> TRUE | W14: =COUNTIF($V$2:V14,"false") -> 1
A15: Start:1560:0.84: | B15: =FIND(":",$A15,1) -> 6 | C15: =FIND(":",$A15,B15+1) -> 11 | D15: =FIND(":",$A15,C15+1) -> 16 | E15: =FIND(":",$A15,D15+1) -> #VALUE! | F15: =IF(Table156[[#This Row],[seq]]>=Table156[[#Totals],[seq]],'Data In'!B21,"") -> 340.8 | G15: ='Data In'!C21 -> 3.2 | H15: =_xlfn.NUMBERVALUE(MID($A15,E15+1,1000)) -> #VALUE! | I15: =AND(G14<Threshold,G15>Threshold) -> FALSE | J15: =IF(Table156[[#This Row],[Rising Through Threshold]],Table156[[#This Row],[Start time]],J14) -> 235.44 | K15: =IF(AND(Table156[[#This Row],[Rising Through Threshold]],J14>0),J15-J14,"") | L15: =IF(Table156[[#This Row],[Voltage]]>Threshold,1,0) -> 1 | M15: =AND(Table156[[#This Row],[Last]]>0,Table156[[#This Row],[Last]]<MAX(Table156[Last])) -> TRUE | N15: ='Data In'!D21 -> a | O15: ='Data In'!E21 -> a | P15: =_xlfn.NUMBERVALUE(MID($A15,K15+1,1000)) -> #VALUE! | Q15: =AND(O14<Threshold2,O15>Threshold2) -> #DIV/0! | R15: =IF(Table156[[#This Row],[Rising Through Threshold2]],Table156[[#This Row],[Start time2]],R14) -> #DIV/0! | S15: =IF(AND(Table156[[#This Row],[Rising Through Threshold2]],R14>0),R15-R14,"") -> #DIV/0! | T15: =IF(Table156[[#This Row],[Voltage2]]>Threshold2,1,0) -> #DIV/0! | U15: =AND(Table156[[#This Row],[Last2]]>0,Table156[[#This Row],[Last2]]<MAX(Table156[Last2])) -> #DIV/0! | V15: =OR('Data In'!B21>'Data In'!B20) -> TRUE | W15: =COUNTIF($V$2:V15,"false") -> 1
A16: Start:1672:0.86: | B16: =FIND(":",$A16,1) -> 6 | C16: =FIND(":",$A16,B16+1) -> 11 | D16: =FIND(":",$A16,C16+1) -> 16 | E16: =FIND(":",$A16,D16+1) -> #VALUE! | F16: =IF(Table156[[#This Row],[seq]]>=Table156[[#Totals],[seq]],'Data In'!B22,"") -> 366.24 | G16: ='Data In'!C22 -> 3.31 | H16: =_xlfn.NUMBERVALUE(MID($A16,E16+1,1000)) -> #VALUE! | I16: =AND(G15<Threshold,G16>Threshold) -> FALSE | J16: =IF(Table156[[#This Row],[Rising Through Threshold]],Table156[[#This Row],[Start time]],J15) -> 235.44 | K16: =IF(AND(Table156[[#This Row],[Rising Through Threshold]],J15>0),J16-J15,"") | L16: =IF(Table156[[#This Row],[Voltage]]>Threshold,1,0) -> 1 | M16: =AND(Table156[[#This Row],[Last]]>0,Table156[[#This Row],[Last]]<MAX(Table156[Last])) -> TRUE | N16: ='Data In'!D22 -> a | O16: ='Data In'!E22 -> a | P16: =_xlfn.NUMBERVALUE(MID($A16,K16+1,1000)) -> #VALUE! | Q16: =AND(O15<Threshold2,O16>Threshold2) -> #DIV/0! | R16: =IF(Table156[[#This Row],[Rising Through Threshold2]],Table156[[#This Row],[Start time2]],R15) -> #DIV/0! | S16: =IF(AND(Table156[[#This Row],[Rising Through Threshold2]],R15>0),R16-R15,"") -> #DIV/0! | T16: =IF(Table156[[#This Row],[Voltage2]]>Threshold2,1,0) -> #DIV/0! | U16: =AND(Table156[[#This Row],[Last2]]>0,Table156[[#This Row],[Last2]]<MAX(Table156[Last2])) -> #DIV/0! | V16: =OR('Data In'!B22>'Data In'!B21) -> TRUE | W16: =COUNTIF($V$2:V16,"false") -> 1
A17: Start:1784:0.95: | B17: =FIND(":",$A17,1) -> 6 | C17: =FIND(":",$A17,B17+1) -> 11 | D17: =FIND(":",$A17,C17+1) -> 16 | E17: =FIND(":",$A17,D17+1) -> #VALUE! | F17: =IF(Table156[[#This Row],[seq]]>=Table156[[#Totals],[seq]],'Data In'!B23,"") -> 392.4 | G17: ='Data In'!C23 -> 3.43 | H17: =_xlfn.NUMBERVALUE(MID($A17,E17+1,1000)) -> #VALUE! | I17: =AND(G16<Threshold,G17>Threshold) -> FALSE | J17: =IF(Table156[[#This Row],[Rising Through Threshold]],Table156[[#This Row],[Start time]],J16) -> 235.44 | K17: =IF(AND(Table156[[#This Row],[Rising Through Threshold]],J16>0),J17-J16,"") | L17: =IF(Table156[[#This Row],[Voltage]]>Threshold,1,0) -> 1 | M17: =AND(Table156[[#This Row],[Last]]>0,Table156[[#This Row],[Last]]<MAX(Table156[Last])) -> TRUE | N17: ='Data In'!D23 -> a | O17: ='Data In'!E23 -> a | P17: =_xlfn.NUMBERVALUE(MID($A17,K17+1,1000)) -> #VALUE! | Q17: =AND(O16<Threshold2,O17>Threshold2) -> #DIV/0! | R17: =IF(Table156[[#This Row],[Rising Through Threshold2]],Table156[[#This Row],[Start time2]],R16) -> #DIV/0! | S17: =IF(AND(Table156[[#This Row],[Rising Through Threshold2]],R16>0),R17-R16,"") -> #DIV/0! | T17: =IF(Table156[[#This Row],[Voltage2]]>Threshold2,1,0) -> #DIV/0! | U17: =AND(Table156[[#This Row],[Last2]]>0,Table156[[#This Row],[Last2]]<MAX(Table156[Last2])) -> #DIV/0! | V17: =OR('Data In'!B23>'Data In'!B22) -> TRUE | W17: =COUNTIF($V$2:V17,"false") -> 1
A18: Start:1896:1.15: | B18: =FIND(":",$A18,1) -> 6 | C18: =FIND(":",$A18,B18+1) -> 11 | D18: =FIND(":",$A18,C18+1) -> 16 | E18: =FIND(":",$A18,D18+1) -> #VALUE! | F18: =IF(Table156[[#This Row],[seq]]>=Table156[[#Totals],[seq]],'Data In'!B24,"") -> 418.56 | G18: ='Data In'!C24 -> 3.53 | H18: =_xlfn.NUMBERVALUE(MID($A18,E18+1,1000)) -> #VALUE! | I18: =AND(G17<Threshold,G18>Threshold) -> FALSE | J18: =IF(Table156[[#This Row],[Rising Through Threshold]],Table156[[#This Row],[Start time]],J17) -> 235.44 | K18: =IF(AND(Table156[[#This Row],[Rising Through Threshold]],J17>0),J18-J17,"") | L18: =IF(Table156[[#This Row],[Voltage]]>Threshold,1,0) -> 1 | M18: =AND(Table156[[#This Row],[Last]]>0,Table156[[#This Row],[Last]]<MAX(Table156[Last])) -> TRUE | N18: ='Data In'!D24 -> a | O18: ='Data In'!E24 -> a | P18: =_xlfn.NUMBERVALUE(MID($A18,K18+1,1000)) -> #VALUE! | Q18: =AND(O17<Threshold2,O18>Threshold2) -> #DIV/0! | R18: =IF(Table156[[#This Row],[Rising Through Threshold2]],Table156[[#This Row],[Start time2]],R17) -> #DIV/0! | S18: =IF(AND(Table156[[#This Row],[Rising Through Threshold2]],R17>0),R18-R17,"") -> #DIV/0! | T18: =IF(Table156[[#This Row],[Voltage2]]>Threshold2,1,0) -> #DIV/0! | U18: =AND(Table156[[#This Row],[Last2]]>0,Table156[[#This Row],[Last2]]<MAX(Table156[Last2])) -> #DIV/0! | V18: =OR('Data In'!B24>'Data In'!B23) -> TRUE | W18: =COUNTIF($V$2:V18,"false") -> 1
A19: Start:2008:1.42: | B19: =FIND(":",$A19,1) -> 6 | C19: =FIND(":",$A19,B19+1) -> 11 | D19: =FIND(":",$A19,C19+1) -> 16 | E19: =FIND(":",$A19,D19+1) -> #VALUE! | F19: =IF(Table156[[#This Row],[seq]]>=Table156[[#Totals],[seq]],'Data In'!B25,"") -> 444.72 | G19: ='Data In'!C25 -> 3.63 | H19: =_xlfn.NUMBERVALUE(MID($A19,E19+1,1000)) -> #VALUE! | I19: =AND(G18<Threshold,G19>Threshold) -> FALSE | J19: =IF(Table156[[#This Row],[Rising Through Threshold]],Table156[[#This Row],[Start time]],J18) -> 235.44 | K19: =IF(AND(Table156[[#This Row],[Rising Through Threshold]],J18>0),J19-J18,"") | L19: =IF(Table156[[#This Row],[Voltage]]>Threshold,1,0) -> 1 | M19: =AND(Table156[[#This Row],[Last]]>0,Table156[[#This Row],[Last]]<MAX(Table156[Last])) -> TRUE | N19: ='Data In'!D25 -> a | O19: ='Data In'!E25 -> a | P19: =_xlfn.NUMBERVALUE(MID($A19,K19+1,1000)) -> #VALUE! | Q19: =AND(O18<Threshold2,O19>Threshold2) -> #DIV/0! | R19: =IF(Table156[[#This Row],[Rising Through Threshold2]],Table156[[#This Row],[Start time2]],R18) -> #DIV/0! | S19: =IF(AND(Table156[[#This Row],[Rising Through Threshold2]],R18>0),R19-R18,"") -> #DIV/0! | T19: =IF(Table156[[#This Row],[Voltage2]]>Threshold2,1,0) -> #DIV/0! | U19: =AND(Table156[[#This Row],[Last2]]>0,Table156[[#This Row],[Last2]]<MAX(Table156[Last2])) -> #DIV/0! | V19: =OR('Data In'!B25>'Data In'!B24) -> TRUE | W19: =COUNTIF($V$2:V19,"false") -> 1
A20: Start:2120:1.76: | B20: =FIND(":",$A20,1) -> 6 | C20: =FIND(":",$A20,B20+1) -> 11 | D20: =FIND(":",$A20,C20+1) -> 16 | E20: =FIND(":",$A20,D20+1) -> #VALUE! | F20: =IF(Table156[[#This Row],[seq]]>=Table156[[#Totals],[seq]],'Data In'!B26,"") -> 470.88 | G20: ='Data In'!C26 -> 3.69 | H20: =_xlfn.NUMBERVALUE(MID($A20,E20+1,1000)) -> #VALUE! | I20: =AND(G19<Threshold,G20>Threshold) -> FALSE | J20: =IF(Table156[[#This Row],[Rising Through Threshold]],Table156[[#This Row],[Start time]],J19) -> 235.44 | K20: =IF(AND(Table156[[#This Row],[Rising Through Threshold]],J19>0),J20-J19,"") | L20: =IF(Table156[[#This Row],[Voltage]]>Threshold,1,0) -> 1 | M20: =AND(Table156[[#This Row],[Last]]>0,Table156[[#This Row],[Last]]<MAX(Table156[Last])) -> TRUE | N20: ='Data In'!D26 -> a | O20: ='Data In'!E26 -> a | P20: =_xlfn.NUMBERVALUE(MID($A20,K20+1,1000)) -> #VALUE! | Q20: =AND(O19<Threshold2,O20>Threshold2) -> #DIV/0! | R20: =IF(Table156[[#This Row],[Rising Through Threshold2]],Table156[[#This Row],[Start time2]],R19) -> #DIV/0! | S20: =IF(AND(Table156[[#This Row],[Rising Through Threshold2]],R19>0),R20-R19,"") -> #DIV/0! | T20: =IF(Table156[[#This Row],[Voltage2]]>Threshold2,1,0) -> #DIV/0! | U20: =AND(Table156[[#This Row],[Last2]]>0,Table156[[#This Row],[Last2]]<MAX(Table156[Last2])) -> #DIV/0! | V20: =OR('Data In'!B26>'Data In'!B25) -> TRUE | W20: =COUNTIF($V$2:V20,"false") -> 1
... A23: Start:2456:2.95: | B23: =FIND(":",$A23,1) -> 6 | C23: =FIND(":",$A23,B23+1) -> 11 | D23: =FIND(":",$A23,C23+1) -> 16 | E23: =FIND(":",$A23,D23+1) -> #VALUE! | F23: =IF(Table156[[#This Row],[seq]]>=Table156[[#Totals],[seq]],'Data In'!B29,"") -> 549.36 | G23: ='Data In'!C29 -> 3.63 | H23: =_xlfn.NUMBERVALUE(MID($A23,E23+1,1000)) -> #VALUE! | I23: =AND(G22<Threshold,G23>Threshold) -> FALSE | J23: =IF(Table156[[#This Row],[Rising Through Threshold]],Table156[[#This Row],[Start time]],J22) -> 235.44 | K23: =IF(AND(Table156[[#This Row],[Rising Through Threshold]],J22>0),J23-J22,"") | L23: =IF(Table156[[#This Row],[Voltage]]>Threshold,1,0) -> 1 | M23: =AND(Table156[[#This Row],[Last]]>0,Table156[[#This Row],[Last]]<MAX(Table156[Last])) -> TRUE | N23: ='Data In'!D29 -> a | O23: ='Data In'!E29 -> a | P23: =_xlfn.NUMBERVALUE(MID($A23,K23+1,1000)) -> #VALUE! | Q23: =AND(O22<Threshold2,O23>Threshold2) -> #DIV/0! | R23: =IF(Table156[[#This Row],[Rising Through Threshold2]],Table156[[#This Row],[Start time2]],R22) -> #DIV/0! | S23: =IF(AND(Table156[[#This Row],[Rising Through Threshold2]],R22>0),R23-R22,"") -> #DIV/0! | T23: =IF(Table156[[#This Row],[Voltage2]]>Threshold2,1,0) -> #DIV/0! | U23: =AND(Table156[[#This Row],[Last2]]>0,Table156[[#This Row],[Last2]]<MAX(Table156[Last2])) -> #DIV/0! | V23: =OR('Data In'!B29>'Data In'!B28) -> TRUE | W23: =COUNTIF($V$2:V23,"false") -> 1
A24: Start:2568:3.33: | B24: =FIND(":",$A24,1) -> 6 | C24: =FIND(":",$A24,B24+1) -> 11 | D24: =FIND(":",$A24,C24+1) -> 16 | E24: =FIND(":",$A24,D24+1) -> #VALUE! | F24: =IF(Table156[[#This Row],[seq]]>=Table156[[#Totals],[seq]],'Data In'!B30,"") -> 575.52 | G24: ='Data In'!C30 -> 3.37 | H24: =_xlfn.NUMBERVALUE(MID($A24,E24+1,1000)) -> #VALUE! | I24: =AND(G23<Threshold,G24>Threshold) -> FALSE | J24: =IF(Table156[[#This Row],[Rising Through Threshold]],Table156[[#This Row],[Start time]],J23) -> 235.44 | K24: =IF(AND(Table156[[#This Row],[Rising Through Threshold]],J23>0),J24-J23,"") | L24: =IF(Table156[[#This Row],[Voltage]]>Threshold,1,0) -> 1 | M24: =AND(Table156[[#This Row],[Last]]>0,Table156[[#This Row],[Last]]<MAX(Table156[Last])) -> TRUE | N24: ='Data In'!D30 -> a | O24: ='Data In'!E30 -> a | P24: =_xlfn.NUMBERVALUE(MID($A24,K24+1,1000)) -> #VALUE! | Q24: =AND(O23<Threshold2,O24>Threshold2) -> #DIV/0! | R24: =IF(Table156[[#This Row],[Rising Through Threshold2]],Table156[[#This Row],[Start time2]],R23) -> #DIV/0! | S24: =IF(AND(Table156[[#This Row],[Rising Through Threshold2]],R23>0),R24-R23,"") -> #DIV/0! | T24: =IF(Table156[[#This Row],[Voltage2]]>Threshold2,1,0) -> #DIV/0! | U24: =AND(Table156[[#This Row],[Last2]]>0,Table156[[#This Row],[Last2]]<MAX(Table156[Last2])) -> #DIV/0! | V24: =OR('Data In'!B30>'Data In'!B29) -> TRUE | W24: =COUNTIF($V$2:V24,"false") -> 1 | AA24: Max | AB24: =MAX(Table156[Voltage]) -> 3.75 | AE24: Threshold | AF24: =AB27 -> 2.3176 | AG24: Max | AH24: =MAX(Table156[Voltage2]) -> 0 | AK24: Threshold | AL24: =AH27 -> #DIV/0!
A25: Start:2680:3.66: | B25: =FIND(":",$A25,1) -> 6 | C25: =FIND(":",$A25,B25+1) -> 11 | D25: =FIND(":",$A25,C25+1) -> 16 | E25: =FIND(":",$A25,D25+1) -> #VALUE! | F25: =IF(Table156[[#This Row],[seq]]>=Table156[[#Totals],[seq]],'Data In'!B31,"") -> 601.68 | G25: ='Data In'!C31 -> 2.94 | H25: =_xlfn.NUMBERVALUE(MID($A25,E25+1,1000)) -> #VALUE! | I25: =AND(G24<Threshold,G25>Threshold) -> FALSE | J25: =IF(Table156[[#This Row],[Rising Through Threshold]],Table156[[#This Row],[Start time]],J24) -> 235.44 | K25: =IF(AND(Table156[[#This Row],[Rising Through Threshold]],J24>0),J25-J24,"") | L25: =IF(Table156[[#This Row],[Voltage]]>Threshold,1,0) -> 1 | M25: =AND(Table156[[#This Row],[Last]]>0,Table156[[#This Row],[Last]]<MAX(Table156[Last])) -> TRUE | N25: ='Data In'!D31 -> a | O25: ='Data In'!E31 -> a | P25: =_xlfn.NUMBERVALUE(MID($A25,K25+1,1000)) -> #VALUE! | Q25: =AND(O24<Threshold2,O25>Threshold2) -> #DIV/0! | R25: =IF(Table156[[#This Row],[Rising Through Threshold2]],Table156[[#This Row],[Start time2]],R24) -> #DIV/0! | S25: =IF(AND(Table156[[#This Row],[Rising Through Threshold2]],R24>0),R25-R24,"") -> #DIV/0! | T25: =IF(Table156[[#This Row],[Voltage2]]>Threshold2,1,0) -> #DIV/0! | U25: =AND(Table156[[#This Row],[Last2]]>0,Table156[[#This Row],[Last2]]<MAX(Table156[Last2])) -> #DIV/0! | V25: =OR('Data In'!B31>'Data In'!B30) -> TRUE | W25: =COUNTIF($V$2:V25,"false") -> 1 | AA25: Min | AB25: =MIN(Table156[Voltage]) -> 0.43 | AE25: Period | AF25: =Table156[[#Totals],[Period]] -> 763 | AG25: Min | AH25: =MIN(Table156[Voltage2]) -> 0 | AK25: Period | AL25: =Table156[[#Totals],[Period2]] -> #DIV/0!
A26: Start:2792:3.91: | B26: =FIND(":",$A26,1) -> 6 | C26: =FIND(":",$A26,B26+1) -> 11 | D26: =FIND(":",$A26,C26+1) -> 16 | E26: =FIND(":",$A26,D26+1) -> #VALUE! | F26: =IF(Table156[[#This Row],[seq]]>=Table156[[#Totals],[seq]],'Data In'!B32,"") -> 627.84 | G26: ='Data In'!C32 -> 2.33 | H26: =_xlfn.NUMBERVALUE(MID($A26,E26+1,1000)) -> #VALUE! | I26: =AND(G25<Threshold,G26>Threshold) -> FALSE | J26: =IF(Table156[[#This Row],[Rising Through Threshold]],Table156[[#This Row],[Start time]],J25) -> 235.44 | K26: =IF(AND(Table156[[#This Row],[Rising Through Threshold]],J25>0),J26-J25,"") | L26: =IF(Table156[[#This Row],[Voltage]]>Threshold,1,0) -> 1 | M26: =AND(Table156[[#This Row],[Last]]>0,Table156[[#This Row],[Last]]<MAX(Table156[Last])) -> TRUE | N26: ='Data In'!D32 -> a | O26: ='Data In'!E32 -> a | P26: =_xlfn.NUMBERVALUE(MID($A26,K26+1,1000)) -> #VALUE! | Q26: =AND(O25<Threshold2,O26>Threshold2) -> #DIV/0! | R26: =IF(Table156[[#This Row],[Rising Through Threshold2]],Table156[[#This Row],[Start time2]],R25) -> #DIV/0! | S26: =IF(AND(Table156[[#This Row],[Rising Through Threshold2]],R25>0),R26-R25,"") -> #DIV/0! | T26: =IF(Table156[[#This Row],[Voltage2]]>Threshold2,1,0) -> #DIV/0! | U26: =AND(Table156[[#This Row],[Last2]]>0,Table156[[#This Row],[Last2]]<MAX(Table156[Last2])) -> #DIV/0! | V26: =OR('Data In'!B32>'Data In'!B31) -> TRUE | W26: =COUNTIF($V$2:V26,"false") -> 1 | AA26: Peak to peak | AB26: =AB24-AB25 -> 3.32 | AE26: Frequency | AF26: =1/(AF25/1000000) -> 1310.616 | AG26: Peak to peak | AH26: =AH24-AH25 -> 0 | AK26: Frequency | AL26: =1/(AL25/1000000) -> #DIV/0!
A27: Start:2904:4.09: | B27: =FIND(":",$A27,1) -> 6 | C27: =FIND(":",$A27,B27+1) -> 11 | D27: =FIND(":",$A27,C27+1) -> 16 | E27: =FIND(":",$A27,D27+1) -> #VALUE! | F27: =IF(Table156[[#This Row],[seq]]>=Table156[[#Totals],[seq]],'Data In'!B33,"") -> 654 | G27: ='Data In'!C33 -> 1.61 | H27: =_xlfn.NUMBERVALUE(MID($A27,E27+1,1000)) -> #VALUE! | I27: =AND(G26<Threshold,G27>Threshold) -> FALSE | J27: =IF(Table156[[#This Row],[Rising Through Threshold]],Table156[[#This Row],[Start time]],J26) -> 235.44 | K27: =IF(AND(Table156[[#This Row],[Rising Through Threshold]],J26>0),J27-J26,"") | L27: =IF(Table156[[#This Row],[Voltage]]>Threshold,1,0) -> 0 | M27: =AND(Table156[[#This Row],[Last]]>0,Table156[[#This Row],[Last]]<MAX(Table156[Last])) -> TRUE | N27: ='Data In'!D33 -> a | O27: ='Data In'!E33 -> a | P27: =_xlfn.NUMBERVALUE(MID($A27,K27+1,1000)) -> #VALUE! | Q27: =AND(O26<Threshold2,O27>Threshold2) -> #DIV/0! | R27: =IF(Table156[[#This Row],[Rising Through Threshold2]],Table156[[#This Row],[Start time2]],R26) -> #DIV/0! | S27: =IF(AND(Table156[[#This Row],[Rising Through Threshold2]],R26>0),R27-R26,"") -> #DIV/0! | T27: =IF(Table156[[#This Row],[Voltage2]]>Threshold2,1,0) -> #DIV/0! | U27: =AND(Table156[[#This Row],[Last2]]>0,Table156[[#This Row],[Last2]]<MAX(Table156[Last2])) -> #DIV/0! | V27: =OR('Data In'!B33>'Data In'!B32) -> TRUE | W27: =COUNTIF($V$2:V27,"false") -> 1 | AA27: Average | AB27: =Table156[[#Totals],[Voltage]] -> 2.3176 | AE27: Duty | AF27: =Y8/Y6 -> 0.54857143 | AG27: Average | AH27: =Table156[[#Totals],[Voltage2]] -> #DIV/0! | AK27: Duty | AL27: =Y4/Y2 -> #DIV/0!
A28: Start:3016:4.18: | B28: =FIND(":",$A28,1) -> 6 | C28: =FIND(":",$A28,B28+1) -> 11 | D28: =FIND(":",$A28,C28+1) -> 16 | E28: =FIND(":",$A28,D28+1) -> #VALUE! | F28: =IF(Table156[[#This Row],[seq]]>=Table156[[#Totals],[seq]],'Data In'!B34,"") -> 680.16 | G28: ='Data In'!C34 -> 0.9 | H28: =_xlfn.NUMBERVALUE(MID($A28,E28+1,1000)) -> #VALUE! | I28: =AND(G27<Threshold,G28>Threshold) -> FALSE | J28: =IF(Table156[[#This Row],[Rising Through Threshold]],Table156[[#This Row],[Start time]],J27) -> 235.44 | K28: =IF(AND(Table156[[#This Row],[Rising Through Threshold]],J27>0),J28-J27,"") | L28: =IF(Table156[[#This Row],[Voltage]]>Threshold,1,0) -> 0 | M28: =AND(Table156[[#This Row],[Last]]>0,Table156[[#This Row],[Last]]<MAX(Table156[Last])) -> TRUE | N28: ='Data In'!D34 -> a | O28: ='Data In'!E34 -> a | P28: =_xlfn.NUMBERVALUE(MID($A28,K28+1,1000)) -> #VALUE! | Q28: =AND(O27<Threshold2,O28>Threshold2) -> #DIV/0! | R28: =IF(Table156[[#This Row],[Rising Through Threshold2]],Table156[[#This Row],[Start time2]],R27) -> #DIV/0! | S28: =IF(AND(Table156[[#This Row],[Rising Through Threshold2]],R27>0),R28-R27,"") -> #DIV/0! | T28: =IF(Table156[[#This Row],[Voltage2]]>Threshold2,1,0) -> #DIV/0! | U28: =AND(Table156[[#This Row],[Last2]]>0,Table156[[#This Row],[Last2]]<MAX(Table156[Last2])) -> #DIV/0! | V28: =OR('Data In'!B34>'Data In'!B33) -> TRUE | W28: =COUNTIF($V$2:V28,"false") -> 1
A29: Start:3128:4.20: | B29: =FIND(":",$A29,1) -> 6 | C29: =FIND(":",$A29,B29+1) -> 11 | D29: =FIND(":",$A29,C29+1) -> 16 | E29: =FIND(":",$A29,D29+1) -> #VALUE! | F29: =IF(Table156[[#This Row],[seq]]>=Table156[[#Totals],[seq]],'Data In'!B35,"") -> 706.32 | G29: ='Data In'!C35 -> 0.43 | H29: =_xlfn.NUMBERVALUE(MID($A29,E29+1,1000)) -> #VALUE! | I29: =AND(G28<Threshold,G29>Threshold) -> FALSE | J29: =IF(Table156[[#This Row],[Rising Through Threshold]],Table156[[#This Row],[Start time]],J28) -> 235.44 | K29: =IF(AND(Table156[[#This Row],[Rising Through Threshold]],J28>0),J29-J28,"") | L29: =IF(Table156[[#This Row],[Voltage]]>Threshold,1,0) -> 0 | M29: =AND(Table156[[#This Row],[Last]]>0,Table156[[#This Row],[Last]]<MAX(Table156[Last])) -> TRUE | N29: ='Data In'!D35 -> a | O29: ='Data In'!E35 -> a | P29: =_xlfn.NUMBERVALUE(MID($A29,K29+1,1000)) -> #VALUE! | Q29: =AND(O28<Threshold2,O29>Threshold2) -> #DIV/0! | R29: =IF(Table156[[#This Row],[Rising Through Threshold2]],Table156[[#This Row],[Start time2]],R28) -> #DIV/0! | S29: =IF(AND(Table156[[#This Row],[Rising Through Threshold2]],R28>0),R29-R28,"") -> #DIV/0! | T29: =IF(Table156[[#This Row],[Voltage2]]>Threshold2,1,0) -> #DIV/0! | U29: =AND(Table156[[#This Row],[Last2]]>0,Table156[[#This Row],[Last2]]<MAX(Table156[Last2])) -> #DIV/0! | V29: =OR('Data In'!B35>'Data In'!B34) -> TRUE | W29: =COUNTIF($V$2:V29,"false") -> 1 | AA29: Refresh Period (ms) | AC29: Prescaler
A30: Start:3240:4.15: | B30: =FIND(":",$A30,1) -> 6 | C30: =FIND(":",$A30,B30+1) -> 11 | D30: =FIND(":",$A30,C30+1) -> 16 | E30: =FIND(":",$A30,D30+1) -> #VALUE! | F30: =IF(Table156[[#This Row],[seq]]>=Table156[[#Totals],[seq]],'Data In'!B36,"") -> 732.48 | G30: ='Data In'!C36 -> 0.45 | H30: =_xlfn.NUMBERVALUE(MID($A30,E30+1,1000)) -> #VALUE! | I30: =AND(G29<Threshold,G30>Threshold) -> FALSE | J30: =IF(Table156[[#This Row],[Rising Through Threshold]],Table156[[#This Row],[Start time]],J29) -> 235.44 | K30: =IF(AND(Table156[[#This Row],[Rising Through Threshold]],J29>0),J30-J29,"") | L30: =IF(Table156[[#This Row],[Voltage]]>Threshold,1,0) -> 0 | M30: =AND(Table156[[#This Row],[Last]]>0,Table156[[#This Row],[Last]]<MAX(Table156[Last])) -> TRUE | N30: ='Data In'!D36 -> a | O30: ='Data In'!E36 -> a | P30: =_xlfn.NUMBERVALUE(MID($A30,K30+1,1000)) -> #VALUE! | Q30: =AND(O29<Threshold2,O30>Threshold2) -> #DIV/0! | R30: =IF(Table156[[#This Row],[Rising Through Threshold2]],Table156[[#This Row],[Start time2]],R29) -> #DIV/0! | S30: =IF(AND(Table156[[#This Row],[Rising Through Threshold2]],R29>0),R30-R29,"") -> #DIV/0! | T30: =IF(Table156[[#This Row],[Voltage2]]>Threshold2,1,0) -> #DIV/0! | U30: =AND(Table156[[#This Row],[Last2]]>0,Table156[[#This Row],[Last2]]<MAX(Table156[Last2])) -> #DIV/0! | V30: =OR('Data In'!B36>'Data In'!B35) -> TRUE | W30: =COUNTIF($V$2:V30,"false") -> 1 | AA30: {=TBL_CUR[CH5]} -> 4000 | AC30: {=TBL_CUR[CH6]} -> 5
A31: Start:3352:4.02: | B31: =FIND(":",$A31,1) -> 6 | C31: =FIND(":",$A31,B31+1) -> 11 | D31: =FIND(":",$A31,C31+1) -> 16 | E31: =FIND(":",$A31,D31+1) -> #VALUE! | F31: =IF(Table156[[#This Row],[seq]]>=Table156[[#Totals],[seq]],'Data In'!B37,"") -> 758.64 | G31: ='Data In'!C37 -> 0.47 | H31: =_xlfn.NUMBERVALUE(MID($A31,E31+1,1000)) -> #VALUE! | I31: =AND(G30<Threshold,G31>Threshold) -> FALSE | J31: =IF(Table156[[#This Row],[Rising Through Threshold]],Table156[[#This Row],[Start time]],J30) -> 235.44 | K31: =IF(AND(Table156[[#This Row],[Rising Through Threshold]],J30>0),J31-J30,"") | L31: =IF(Table156[[#This Row],[Voltage]]>Threshold,1,0) -> 0 | M31: =AND(Table156[[#This Row],[Last]]>0,Table156[[#This Row],[Last]]<MAX(Table156[Last])) -> TRUE | N31: ='Data In'!D37 -> a | O31: ='Data In'!E37 -> a | P31: =_xlfn.NUMBERVALUE(MID($A31,K31+1,1000)) -> #VALUE! | Q31: =AND(O30<Threshold2,O31>Threshold2) -> #DIV/0! | R31: =IF(Table156[[#This Row],[Rising Through Threshold2]],Table156[[#This Row],[Start time2]],R30) -> #DIV/0! | S31: =IF(AND(Table156[[#This Row],[Rising Through Threshold2]],R30>0),R31-R30,"") -> #DIV/0! | T31: =IF(Table156[[#This Row],[Voltage2]]>Threshold2,1,0) -> #DIV/0! | U31: =AND(Table156[[#This Row],[Last2]]>0,Table156[[#This Row],[Last2]]<MAX(Table156[Last2])) -> #DIV/0! | V31: =OR('Data In'!B37>'Data In'!B36) -> TRUE | W31: =COUNTIF($V$2:V31,"false") -> 1
A32: Start:3464:3.82: | B32: =FIND(":",$A32,1) -> 6 | C32: =FIND(":",$A32,B32+1) -> 11 | D32: =FIND(":",$A32,C32+1) -> 16 | E32: =FIND(":",$A32,D32+1) -> #VALUE! | F32: =IF(Table156[[#This Row],[seq]]>=Table156[[#Totals],[seq]],'Data In'!B38,"") -> 784.8 | G32: ='Data In'!C38 -> 0.57 | H32: =_xlfn.NUMBERVALUE(MID($A32,E32+1,1000)) -> #VALUE! | I32: =AND(G31<Threshold,G32>Threshold) -> FALSE | J32: =IF(Table156[[#This Row],[Rising Through Threshold]],Table156[[#This Row],[Start time]],J31) -> 235.44 | K32: =IF(AND(Table156[[#This Row],[Rising Through Threshold]],J31>0),J32-J31,"") | L32: =IF(Table156[[#This Row],[Voltage]]>Threshold,1,0) -> 0 | M32: =AND(Table156[[#This Row],[Last]]>0,Table156[[#This Row],[Last]]<MAX(Table156[Last])) -> TRUE | N32: ='Data In'!D38 -> a | O32: ='Data In'!E38 -> a | P32: =_xlfn.NUMBERVALUE(MID($A32,K32+1,1000)) -> #VALUE! | Q32: =AND(O31<Threshold2,O32>Threshold2) -> #DIV/0! | R32: =IF(Table156[[#This Row],[Rising Through Threshold2]],Table156[[#This Row],[Start time2]],R31) -> #DIV/0! | S32: =IF(AND(Table156[[#This Row],[Rising Through Threshold2]],R31>0),R32-R31,"") -> #DIV/0! | T32: =IF(Table156[[#This Row],[Voltage2]]>Threshold2,1,0) -> #DIV/0! | U32: =AND(Table156[[#This Row],[Last2]]>0,Table156[[#This Row],[Last2]]<MAX(Table156[Last2])) -> #DIV/0! | V32: =OR('Data In'!B38>'Data In'!B37) -> TRUE | W32: =COUNTIF($V$2:V32,"false") -> 1
A33: Start:3576:3.56: | B33: =FIND(":",$A33,1) -> 6 | C33: =FIND(":",$A33,B33+1) -> 11 | D33: =FIND(":",$A33,C33+1) -> 16 | E33: =FIND(":",$A33,D33+1) -> #VALUE! | F33: =IF(Table156[[#This Row],[seq]]>=Table156[[#Totals],[seq]],'Data In'!B39,"") -> 810.96 | G33: ='Data In'!C39 -> 0.73 | H33: =_xlfn.NUMBERVALUE(MID($A33,E33+1,1000)) -> #VALUE! | I33: =AND(G32<Threshold,G33>Threshold) -> FALSE | J33: =IF(Table156[[#This Row],[Rising Through Threshold]],Table156[[#This Row],[Start time]],J32) -> 235.44 | K33: =IF(AND(Table156[[#This Row],[Rising Through Threshold]],J32>0),J33-J32,"") | L33: =IF(Table156[[#This Row],[Voltage]]>Threshold,1,0) -> 0 | M33: =AND(Table156[[#This Row],[Last]]>0,Table156[[#This Row],[Last]]<MAX(Table156[Last])) -> TRUE | N33: ='Data In'!D39 -> a | O33: ='Data In'!E39 -> a | P33: =_xlfn.NUMBERVALUE(MID($A33,K33+1,1000)) -> #VALUE! | Q33: =AND(O32<Threshold2,O33>Threshold2) -> #DIV/0! | R33: =IF(Table156[[#This Row],[Rising Through Threshold2]],Table156[[#This Row],[Start time2]],R32) -> #DIV/0! | S33: =IF(AND(Table156[[#This Row],[Rising Through Threshold2]],R32>0),R33-R32,"") -> #DIV/0! | T33: =IF(Table156[[#This Row],[Voltage2]]>Threshold2,1,0) -> #DIV/0! | U33: =AND(Table156[[#This Row],[Last2]]>0,Table156[[#This Row],[Last2]]<MAX(Table156[Last2])) -> #DIV/0! | V33: =OR('Data In'!B39>'Data In'!B38) -> TRUE | W33: =COUNTIF($V$2:V33,"false") -> 1 | AA33: refreshperiod | AB33: 4000 | AC33: ms
A34: Start:3688:3.25: | B34: =FIND(":",$A34,1) -> 6 | C34: =FIND(":",$A34,B34+1) -> 11 | D34: =FIND(":",$A34,C34+1) -> 16 | E34: =FIND(":",$A34,D34+1) -> #VALUE! | F34: =IF(Table156[[#This Row],[seq]]>=Table156[[#Totals],[seq]],'Data In'!B40,"") -> 837.12 | G34: ='Data In'!C40 -> 0.96 | H34: =_xlfn.NUMBERVALUE(MID($A34,E34+1,1000)) -> #VALUE! | I34: =AND(G33<Threshold,G34>Threshold) -> FALSE | J34: =IF(Table156[[#This Row],[Rising Through Threshold]],Table156[[#This Row],[Start time]],J33) -> 235.44 | K34: =IF(AND(Table156[[#This Row],[Rising Through Threshold]],J33>0),J34-J33,"") | L34: =IF(Table156[[#This Row],[Voltage]]>Threshold,1,0) -> 0 | M34: =AND(Table156[[#This Row],[Last]]>0,Table156[[#This Row],[Last]]<MAX(Table156[Last])) -> TRUE | N34: ='Data In'!D40 -> a | O34: ='Data In'!E40 -> a | P34: =_xlfn.NUMBERVALUE(MID($A34,K34+1,1000)) -> #VALUE! | Q34: =AND(O33<Threshold2,O34>Threshold2) -> #DIV/0! | R34: =IF(Table156[[#This Row],[Rising Through Threshold2]],Table156[[#This Row],[Start time2]],R33) -> #DIV/0! | S34: =IF(AND(Table156[[#This Row],[Rising Through Threshold2]],R33>0),R34-R33,"") -> #DIV/0! | T34: =IF(Table156[[#This Row],[Voltage2]]>Threshold2,1,0) -> #DIV/0! | U34: =AND(Table156[[#This Row],[Last2]]>0,Table156[[#This Row],[Last2]]<MAX(Table156[Last2])) -> #DIV/0! | V34: =OR('Data In'!B40>'Data In'!B39) -> TRUE | W34: =COUNTIF($V$2:V34,"false") -> 1 | AA34: prescaler | AB34: 5 | AC34: Use lower values for high frequency signals. Allowed values (2-7)
A35: Start:3800:2.91: | B35: =FIND(":",$A35,1) -> 6 | C35: =FIND(":",$A35,B35+1) -> 11 | D35: =FIND(":",$A35,C35+1) -> 16 | E35: =FIND(":",$A35,D35+1) -> #VALUE! | F35: =IF(Table156[[#This Row],[seq]]>=Table156[[#Totals],[seq]],'Data In'!B41,"") -> 863.28 | G35: ='Data In'!C41 -> 1.22 | H35: =_xlfn.NUMBERVALUE(MID($A35,E35+1,1000)) -> #VALUE! | I35: =AND(G34<Threshold,G35>Threshold) -> FALSE | J35: =IF(Table156[[#This Row],[Rising Through Threshold]],Table156[[#This Row],[Start time]],J34) -> 235.44 | K35: =IF(AND(Table156[[#This Row],[Rising Through Threshold]],J34>0),J35-J34,"") | L35: =IF(Table156[[#This Row],[Voltage]]>Threshold,1,0) -> 0 | M35: =AND(Table156[[#This Row],[Last]]>0,Table156[[#This Row],[Last]]<MAX(Table156[Last])) -> TRUE | N35: ='Data In'!D41 -> a | O35: ='Data In'!E41 -> a | P35: =_xlfn.NUMBERVALUE(MID($A35,K35+1,1000)) -> #VALUE! | Q35: =AND(O34<Threshold2,O35>Threshold2) -> #DIV/0! | R35: =IF(Table156[[#This Row],[Rising Through Threshold2]],Table156[[#This Row],[Start time2]],R34) -> #DIV/0! | S35: =IF(AND(Table156[[#This Row],[Rising Through Threshold2]],R34>0),R35-R34,"") -> #DIV/0! | T35: =IF(Table156[[#This Row],[Voltage2]]>Threshold2,1,0) -> #DIV/0! | U35: =AND(Table156[[#This Row],[Last2]]>0,Table156[[#This Row],[Last2]]<MAX(Table156[Last2])) -> #DIV/0! | V35: =OR('Data In'!B41>'Data In'!B40) -> TRUE | W35: =COUNTIF($V$2:V35,"false") -> 1
A36: Start:3912:2.54: | B36: =FIND(":",$A36,1) -> 6 | C36: =FIND(":",$A36,B36+1) -> 11 | D36: =FIND(":",$A36,C36+1) -> 16 | E36: =FIND(":",$A36,D36+1) -> #VALUE! | F36: =IF(Table156[[#This Row],[seq]]>=Table156[[#Totals],[seq]],'Data In'!B42,"") -> 889.44 | G36: ='Data In'!C42 -> 1.49 | H36: =_xlfn.NUMBERVALUE(MID($A36,E36+1,1000)) -> #VALUE! | I36: =AND(G35<Threshold,G36>Threshold) -> FALSE | J36: =IF(Table156[[#This Row],[Rising Through Threshold]],Table156[[#This Row],[Start time]],J35) -> 235.44 | K36: =IF(AND(Table156[[#This Row],[Rising Through Threshold]],J35>0),J36-J35,"") | L36: =IF(Table156[[#This Row],[Voltage]]>Threshold,1,0) -> 0 | M36: =AND(Table156[[#This Row],[Last]]>0,Table156[[#This Row],[Last]]<MAX(Table156[Last])) -> TRUE | N36: ='Data In'!D42 -> a | O36: ='Data In'!E42 -> a | P36: =_xlfn.NUMBERVALUE(MID($A36,K36+1,1000)) -> #VALUE! | Q36: =AND(O35<Threshold2,O36>Threshold2) -> #DIV/0! | R36: =IF(Table156[[#This Row],[Rising Through Threshold2]],Table156[[#This Row],[Start time2]],R35) -> #DIV/0! | S36: =IF(AND(Table156[[#This Row],[Rising Through Threshold2]],R35>0),R36-R35,"") -> #DIV/0! | T36: =IF(Table156[[#This Row],[Voltage2]]>Threshold2,1,0) -> #DIV/0! | U36: =AND(Table156[[#This Row],[Last2]]>0,Table156[[#This Row],[Last2]]<MAX(Table156[Last2])) -> #DIV/0! | V36: =OR('Data In'!B42>'Data In'!B41) -> TRUE | W36: =COUNTIF($V$2:V36,"false") -> 1
A37: Start:4024:2.17: | B37: =FIND(":",$A37,1) -> 6 | C37: =FIND(":",$A37,B37+1) -> 11 | D37: =FIND(":",$A37,C37+1) -> 16 | E37: =FIND(":",$A37,D37+1) -> #VALUE! | F37: =IF(Table156[[#This Row],[seq]]>=Table156[[#Totals],[seq]],'Data In'!B43,"") -> 915.6 | G37: ='Data In'!C43 -> 1.75 | H37: =_xlfn.NUMBERVALUE(MID($A37,E37+1,1000)) -> #VALUE! | I37: =AND(G36<Threshold,G37>Threshold) -> FALSE | J37: =IF(Table156[[#This Row],[Rising Through Threshold]],Table156[[#This Row],[Start time]],J36) -> 235.44 | K37: =IF(AND(Table156[[#This Row],[Rising Through Threshold]],J36>0),J37-J36,"") | L37: =IF(Table156[[#This Row],[Voltage]]>Threshold,1,0) -> 0 | M37: =AND(Table156[[#This Row],[Last]]>0,Table156[[#This Row],[Last]]<MAX(Table156[Last])) -> TRUE | N37: ='Data In'!D43 -> a | O37: ='Data In'!E43 -> a | P37: =_xlfn.NUMBERVALUE(MID($A37,K37+1,1000)) -> #VALUE! | Q37: =AND(O36<Threshold2,O37>Threshold2) -> #DIV/0! | R37: =IF(Table156[[#This Row],[Rising Through Threshold2]],Table156[[#This Row],[Start time2]],R36) -> #DIV/0! | S37: =IF(AND(Table156[[#This Row],[Rising Through Threshold2]],R36>0),R37-R36,"") -> #DIV/0! | T37: =IF(Table156[[#This Row],[Voltage2]]>Threshold2,1,0) -> #DIV/0! | U37: =AND(Table156[[#This Row],[Last2]]>0,Table156[[#This Row],[Last2]]<MAX(Table156[Last2])) -> #DIV/0! | V37: =OR('Data In'!B43>'Data In'!B42) -> TRUE | W37: =COUNTIF($V$2:V37,"false") -> 1
A38: Start:4136:1.81: | B38: =FIND(":",$A38,1) -> 6 | C38: =FIND(":",$A38,B38+1) -> 11 | D38: =FIND(":",$A38,C38+1) -> 16 | E38: =FIND(":",$A38,D38+1) -> #VALUE! | F38: =IF(Table156[[#This Row],[seq]]>=Table156[[#Totals],[seq]],'Data In'!B44,"") -> 941.76 | G38: ='Data In'!C44 -> 2 | H38: =_xlfn.NUMBERVALUE(MID($A38,E38+1,1000)) -> #VALUE! | I38: =AND(G37<Threshold,G38>Threshold) -> FALSE | J38: =IF(Table156[[#This Row],[Rising Through Threshold]],Table156[[#This Row],[Start time]],J37) -> 235.44 | K38: =IF(AND(Table156[[#This Row],[Rising Through Threshold]],J37>0),J38-J37,"") | L38: =IF(Table156[[#This Row],[Voltage]]>Threshold,1,0) -> 0 | M38: =AND(Table156[[#This Row],[Last]]>0,Table156[[#This Row],[Last]]<MAX(Table156[Last])) -> TRUE | N38: ='Data In'!D44 -> a | O38: ='Data In'!E44 -> a | P38: =_xlfn.NUMBERVALUE(MID($A38,K38+1,1000)) -> #VALUE! | Q38: =AND(O37<Threshold2,O38>Threshold2) -> #DIV/0! | R38: =IF(Table156[[#This Row],[Rising Through Threshold2]],Table156[[#This Row],[Start time2]],R37) -> #DIV/0! | S38: =IF(AND(Table156[[#This Row],[Rising Through Threshold2]],R37>0),R38-R37,"") -> #DIV/0! | T38: =IF(Table156[[#This Row],[Voltage2]]>Threshold2,1,0) -> #DIV/0! | U38: =AND(Table156[[#This Row],[Last2]]>0,Table156[[#This Row],[Last2]]<MAX(Table156[Last2])) -> #DIV/0! | V38: =OR('Data In'!B44>'Data In'!B43) -> TRUE | W38: =COUNTIF($V$2:V38,"false") -> 1
A39: Start:4248:1.49: | B39: =FIND(":",$A39,1) -> 6 | C39: =FIND(":",$A39,B39+1) -> 11 | D39: =FIND(":",$A39,C39+1) -> 16 | E39: =FIND(":",$A39,D39+1) -> #VALUE! | F39: =IF(Table156[[#This Row],[seq]]>=Table156[[#Totals],[seq]],'Data In'!B45,"") -> 967.92 | G39: ='Data In'!C45 -> 2.24 | H39: =_xlfn.NUMBERVALUE(MID($A39,E39+1,1000)) -> #VALUE! | I39: =AND(G38<Threshold,G39>Threshold) -> FALSE | J39: =IF(Table156[[#This Row],[Rising Through Threshold]],Table156[[#This Row],[Start time]],J38) -> 235.44 | K39: =IF(AND(Table156[[#This Row],[Rising Through Threshold]],J38>0),J39-J38,"") | L39: =IF(Table156[[#This Row],[Voltage]]>Threshold,1,0) -> 0 | M39: =AND(Table156[[#This Row],[Last]]>0,Table156[[#This Row],[Last]]<MAX(Table156[Last])) -> TRUE | N39: ='Data In'!D45 -> a | O39: ='Data In'!E45 -> a | P39: =_xlfn.NUMBERVALUE(MID($A39,K39+1,1000)) -> #VALUE! | Q39: =AND(O38<Threshold2,O39>Threshold2) -> #DIV/0! | R39: =IF(Table156[[#This Row],[Rising Through Threshold2]],Table156[[#This Row],[Start time2]],R38) -> #DIV/0! | S39: =IF(AND(Table156[[#This Row],[Rising Through Threshold2]],R38>0),R39-R38,"") -> #DIV/0! | T39: =IF(Table156[[#This Row],[Voltage2]]>Threshold2,1,0) -> #DIV/0! | U39: =AND(Table156[[#This Row],[Last2]]>0,Table156[[#This Row],[Last2]]<MAX(Table156[Last2])) -> #DIV/0! | V39: =OR('Data In'!B45>'Data In'!B44) -> TRUE | W39: =COUNTIF($V$2:V39,"false") -> 1
A40: Start:4360:1.21: | B40: =FIND(":",$A40,1) -> 6 | C40: =FIND(":",$A40,B40+1) -> 11 | D40: =FIND(":",$A40,C40+1) -> 16 | E40: =FIND(":",$A40,D40+1) -> #VALUE! | F40: =IF(Table156[[#This Row],[seq]]>=Table156[[#Totals],[seq]],'Data In'!B46,"") -> 994.8 | G40: ='Data In'!C46 -> 2.45 | H40: =_xlfn.NUMBERVALUE(MID($A40,E40+1,1000)) -> #VALUE! | I40: =AND(G39<Threshold,G40>Threshold) -> TRUE | J40: =IF(Table156[[#This Row],[Rising Through Threshold]],Table156[[#This Row],[Start time]],J39) -> 994.8 | K40: =IF(AND(Table156[[#This Row],[Rising Through Threshold]],J39>0),J40-J39,"") -> 759.36 | L40: =IF(Table156[[#This Row],[Voltage]]>Threshold,1,0) -> 1 | M40: =AND(Table156[[#This Row],[Last]]>0,Table156[[#This Row],[Last]]<MAX(Table156[Last])) -> TRUE | N40: ='Data In'!D46 -> a | O40: ='Data In'!E46 -> a | P40: =_xlfn.NUMBERVALUE(MID($A40,K40+1,1000)) -> 0 | Q40: =AND(O39<Threshold2,O40>Threshold2) -> #DIV/0! | R40: =IF(Table156[[#This Row],[Rising Through Threshold2]],Table156[[#This Row],[Start time2]],R39) -> #DIV/0! | S40: =IF(AND(Table156[[#This Row],[Rising Through Threshold2]],R39>0),R40-R39,"") -> #DIV/0! | T40: =IF(Table156[[#This Row],[Voltage2]]>Threshold2,1,0) -> #DIV/0! | U40: =AND(Table156[[#This Row],[Last2]]>0,Table156[[#This Row],[Last2]]<MAX(Table156[Last2])) -> #DIV/0! | V40: =OR('Data In'!B46>'Data In'!B45) -> TRUE | W40: =COUNTIF($V$2:V40,"false") -> 1
A41: Start:4472:1.00: | B41: =FIND(":",$A41,1) -> 6 | C41: =FIND(":",$A41,B41+1) -> 11 | D41: =FIND(":",$A41,C41+1) -> 16 | E41: =FIND(":",$A41,D41+1) -> #VALUE! | F41: =IF(Table156[[#This Row],[seq]]>=Table156[[#Totals],[seq]],'Data In'!B47,"") -> 1020.24 | G41: ='Data In'!C47 -> 2.65 | H41: =_xlfn.NUMBERVALUE(MID($A41,E41+1,1000)) -> #VALUE! | I41: =AND(G40<Threshold,G41>Threshold) -> FALSE | J41: =IF(Table156[[#This Row],[Rising Through Threshold]],Table156[[#This Row],[Start time]],J40) -> 994.8 | K41: =IF(AND(Table156[[#This Row],[Rising Through Threshold]],J40>0),J41-J40,"") | L41: =IF(Table156[[#This Row],[Voltage]]>Threshold,1,0) -> 1 | M41: =AND(Table156[[#This Row],[Last]]>0,Table156[[#This Row],[Last]]<MAX(Table156[Last])) -> TRUE | N41: ='Data In'!D47 -> a | O41: ='Data In'!E47 -> a | P41: =_xlfn.NUMBERVALUE(MID($A41,K41+1,1000)) -> #VALUE! | Q41: =AND(O40<Threshold2,O41>Threshold2) -> #DIV/0! | R41: =IF(Table156[[#This Row],[Rising Through Threshold2]],Table156[[#This Row],[Start time2]],R40) -> #DIV/0! | S41: =IF(AND(Table156[[#This Row],[Rising Through Threshold2]],R40>0),R41-R40,"") -> #DIV/0! | T41: =IF(Table156[[#This Row],[Voltage2]]>Threshold2,1,0) -> #DIV/0! | U41: =AND(Table156[[#This Row],[Last2]]>0,Table156[[#This Row],[Last2]]<MAX(Table156[Last2])) -> #DIV/0! | V41: =OR('Data In'!B47>'Data In'!B46) -> TRUE | W41: =COUNTIF($V$2:V41,"false") -> 1
A42: Start:4584:0.87: | B42: =FIND(":",$A42,1) -> 6 | C42: =FIND(":",$A42,B42+1) -> 11 | D42: =FIND(":",$A42,C42+1) -> 16 | E42: =FIND(":",$A42,D42+1) -> #VALUE! | F42: =IF(Table156[[#This Row],[seq]]>=Table156[[#Totals],[seq]],'Data In'!B48,"") -> 1046.4 | G42: ='Data In'!C48 -> 2.82 | H42: =_xlfn.NUMBERVALUE(MID($A42,E42+1,1000)) -> #VALUE! | I42: =AND(G41<Threshold,G42>Threshold) -> FALSE | J42: =IF(Table156[[#This Row],[Rising Through Threshold]],Table156[[#This Row],[Start time]],J41) -> 994.8 | K42: =IF(AND(Table156[[#This Row],[Rising Through Threshold]],J41>0),J42-J41,"") | L42: =IF(Table156[[#This Row],[Voltage]]>Threshold,1,0) -> 1 | M42: =AND(Table156[[#This Row],[Last]]>0,Table156[[#This Row],[Last]]<MAX(Table156[Last])) -> TRUE | N42: ='Data In'!D48 -> a | O42: ='Data In'!E48 -> a | P42: =_xlfn.NUMBERVALUE(MID($A42,K42+1,1000)) -> #VALUE! | Q42: =AND(O41<Threshold2,O42>Threshold2) -> #DIV/0! | R42: =IF(Table156[[#This Row],[Rising Through Threshold2]],Table156[[#This Row],[Start time2]],R41) -> #DIV/0! | S42: =IF(AND(Table156[[#This Row],[Rising Through Threshold2]],R41>0),R42-R41,"") -> #DIV/0! | T42: =IF(Table156[[#This Row],[Voltage2]]>Threshold2,1,0) -> #DIV/0! | U42: =AND(Table156[[#This Row],[Last2]]>0,Table156[[#This Row],[Last2]]<MAX(Table156[Last2])) -> #DIV/0! | V42: =OR('Data In'!B48>'Data In'!B47) -> TRUE | W42: =COUNTIF($V$2:V42,"false") -> 1
A43: Start:4696:0.83: | B43: =FIND(":",$A43,1) -> 6 | C43: =FIND(":",$A43,B43+1) -> 11 | D43: =FIND(":",$A43,C43+1) -> 16 | E43: =FIND(":",$A43,D43+1) -> #VALUE! | F43: =IF(Table156[[#This Row],[seq]]>=Table156[[#Totals],[seq]],'Data In'!B49,"") -> 1072.56 | G43: ='Data In'!C49 -> 2.98 | H43: =_xlfn.NUMBERVALUE(MID($A43,E43+1,1000)) -> #VALUE! | I43: =AND(G42<Threshold,G43>Threshold) -> FALSE | J43: =IF(Table156[[#This Row],[Rising Through Threshold]],Table156[[#This Row],[Start time]],J42) -> 994.8 | K43: =IF(AND(Table156[[#This Row],[Rising Through Threshold]],J42>0),J43-J42,"") | L43: =IF(Table156[[#This Row],[Voltage]]>Threshold,1,0) -> 1 | M43: =AND(Table156[[#This Row],[Last]]>0,Table156[[#This Row],[Last]]<MAX(Table156[Last])) -> TRUE | N43: ='Data In'!D49 -> a | O43: ='Data In'!E49 -> a | P43: =_xlfn.NUMBERVALUE(MID($A43,K43+1,1000)) -> #VALUE! | Q43: =AND(O42<Threshold2,O43>Threshold2) -> #DIV/0! | R43: =IF(Table156[[#This Row],[Rising Through Threshold2]],Table156[[#This Row],[Start time2]],R42) -> #DIV/0! | S43: =IF(AND(Table156[[#This Row],[Rising Through Threshold2]],R42>0),R43-R42,"") -> #DIV/0! | T43: =IF(Table156[[#This Row],[Voltage2]]>Threshold2,1,0) -> #DIV/0! | U43: =AND(Table156[[#This Row],[Last2]]>0,Table156[[#This Row],[Last2]]<MAX(Table156[Last2])) -> #DIV/0! | V43: =OR('Data In'!B49>'Data In'!B48) -> TRUE | W43: =COUNTIF($V$2:V43,"false") -> 1
A44: Start:4808:0.88: | B44: =FIND(":",$A44,1) -> 6 | C44: =FIND(":",$A44,B44+1) -> 11 | D44: =FIND(":",$A44,C44+1) -> 16 | E44: =FIND(":",$A44,D44+1) -> #VALUE! | F44: =IF(Table156[[#This Row],[seq]]>=Table156[[#Totals],[seq]],'Data In'!B50,"") -> 1098.72 | G44: ='Data In'!C50 -> 3.14 | H44: =_xlfn.NUMBERVALUE(MID($A44,E44+1,1000)) -> #VALUE! | I44: =AND(G43<Threshold,G44>Threshold) -> FALSE | J44: =IF(Table156[[#This Row],[Rising Through Threshold]],Table156[[#This Row],[Start time]],J43) -> 994.8 | K44: =IF(AND(Table156[[#This Row],[Rising Through Threshold]],J43>0),J44-J43,"") | L44: =IF(Table156[[#This Row],[Voltage]]>Threshold,1,0) -> 1 | M44: =AND(Table156[[#This Row],[Last]]>0,Table156[[#This Row],[Last]]<MAX(Table156[Last])) -> TRUE | N44: ='Data In'!D50 -> a | O44: ='Data In'!E50 -> a | P44: =_xlfn.NUMBERVALUE(MID($A44,K44+1,1000)) -> #VALUE! | Q44: =AND(O43<Threshold2,O44>Threshold2) -> #DIV/0! | R44: =IF(Table156[[#This Row],[Rising Through Threshold2]],Table156[[#This Row],[Start time2]],R43) -> #DIV/0! | S44: =IF(AND(Table156[[#This Row],[Rising Through Threshold2]],R43>0),R44-R43,"") -> #DIV/0! | T44: =IF(Table156[[#This Row],[Voltage2]]>Threshold2,1,0) -> #DIV/0! | U44: =AND(Table156[[#This Row],[Last2]]>0,Table156[[#This Row],[Last2]]<MAX(Table156[Last2])) -> #DIV/0! | V44: =OR('Data In'!B50>'Data In'!B49) -> TRUE | W44: =COUNTIF($V$2:V44,"false") -> 1
A45: Start:4920:1.03: | B45: =FIND(":",$A45,1) -> 6 | C45: =FIND(":",$A45,B45+1) -> 11 | D45: =FIND(":",$A45,C45+1) -> 16 | E45: =FIND(":",$A45,D45+1) -> #VALUE! | F45: =IF(Table156[[#This Row],[seq]]>=Table156[[#Totals],[seq]],'Data In'!B51,"") -> 1124.88 | G45: ='Data In'!C51 -> 3.27 | H45: =_xlfn.NUMBERVALUE(MID($A45,E45+1,1000)) -> #VALUE! | I45: =AND(G44<Threshold,G45>Threshold) -> FALSE | J45: =IF(Table156[[#This Row],[Rising Through Threshold]],Table156[[#This Row],[Start time]],J44) -> 994.8 | K45: =IF(AND(Table156[[#This Row],[Rising Through Threshold]],J44>0),J45-J44,"") | L45: =IF(Table156[[#This Row],[Voltage]]>Threshold,1,0) -> 1 | M45: =AND(Table156[[#This Row],[Last]]>0,Table156[[#This Row],[Last]]<MAX(Table156[Last])) -> TRUE | N45: ='Data In'!D51 -> a | O45: ='Data In'!E51 -> a | P45: =_xlfn.NUMBERVALUE(MID($A45,K45+1,1000)) -> #VALUE! | Q45: =AND(O44<Threshold2,O45>Threshold2) -> #DIV/0! | R45: =IF(Table156[[#This Row],[Rising Through Threshold2]],Table156[[#This Row],[Start time2]],R44) -> #DIV/0! | S45: =IF(AND(Table156[[#This Row],[Rising Through Threshold2]],R44>0),R45-R44,"") -> #DIV/0! | T45: =IF(Table156[[#This Row],[Voltage2]]>Threshold2,1,0) -> #DIV/0! | U45: =AND(Table156[[#This Row],[Last2]]>0,Table156[[#This Row],[Last2]]<MAX(Table156[Last2])) -> #DIV/0! | V45: =OR('Data In'!B51>'Data In'!B50) -> TRUE | W45: =COUNTIF($V$2:V45,"false") -> 1
A46: Start:5032:1.26: | B46: =FIND(":",$A46,1) -> 6 | C46: =FIND(":",$A46,B46+1) -> 11 | D46: =FIND(":",$A46,C46+1) -> 16 | E46: =FIND(":",$A46,D46+1) -> #VALUE! | F46: =IF(Table156[[#This Row],[seq]]>=Table156[[#Totals],[seq]],'Data In'!B52,"") -> 1151.4 | G46: ='Data In'!C52 -> 3.39 | H46: =_xlfn.NUMBERVALUE(MID($A46,E46+1,1000)) -> #VALUE! | I46: =AND(G45<Threshold,G46>Threshold) -> FALSE | J46: =IF(Table156[[#This Row],[Rising Through Threshold]],Table156[[#This Row],[Start time]],J45) -> 994.8 | K46: =IF(AND(Table156[[#This Row],[Rising Through Threshold]],J45>0),J46-J45,"") | L46: =IF(Table156[[#This Row],[Voltage]]>Threshold,1,0) -> 1 | M46: =AND(Table156[[#This Row],[Last]]>0,Table156[[#This Row],[Last]]<MAX(Table156[Last])) -> TRUE | N46: ='Data In'!D52 -> a | O46: ='Data In'!E52 -> a | P46: =_xlfn.NUMBERVALUE(MID($A46,K46+1,1000)) -> #VALUE! | Q46: =AND(O45<Threshold2,O46>Threshold2) -> #DIV/0! | R46: =IF(Table156[[#This Row],[Rising Through Threshold2]],Table156[[#This Row],[Start time2]],R45) -> #DIV/0! | S46: =IF(AND(Table156[[#This Row],[Rising Through Threshold2]],R45>0),R46-R45,"") -> #DIV/0! | T46: =IF(Table156[[#This Row],[Voltage2]]>Threshold2,1,0) -> #DIV/0! | U46: =AND(Table156[[#This Row],[Last2]]>0,Table156[[#This Row],[Last2]]<MAX(Table156[Last2])) -> #DIV/0! | V46: =OR('Data In'!B52>'Data In'!B51) -> TRUE | W46: =COUNTIF($V$2:V46,"false") -> 1
... A201: Start:22392:2.65: | B201: =FIND(":",$A201,1) -> 6 | C201: =FIND(":",$A201,B201+1) -> 12 | D201: =FIND(":",$A201,C201+1) -> 17 | E201: =FIND(":",$A201,D201+1) -> #VALUE! | F201: =IF(Table156[[#This Row],[seq]]>=Table156[[#Totals],[seq]],'Data In'!B207,"") -> 5205.84 | G201: ='Data In'!C207 -> 2.84 | H201: =_xlfn.NUMBERVALUE(MID($A201,E201+1,1000)) -> #VALUE! | I201: =AND(G200<Threshold,G201>Threshold) -> FALSE | J201: =IF(Table156[[#This Row],[Rising Through Threshold]],Table156[[#This Row],[Start time]],J200) -> 4813.44 | K201: =IF(AND(Table156[[#This Row],[Rising Through Threshold]],J200>0),J201-J200,"") | L201: =IF(Table156[[#This Row],[Voltage]]>Threshold,1,0) -> 1 | M201: =AND(Table156[[#This Row],[Last]]>0,Table156[[#This Row],[Last]]<MAX(Table156[Last])) -> FALSE | N201: ='Data In'!D207 -> a | O201: ='Data In'!E207 -> a | P201: =_xlfn.NUMBERVALUE(MID($A201,K201+1,1000)) -> #VALUE! | Q201: =AND(O200<Threshold2,O201>Threshold2) -> #DIV/0! | R201: =IF(Table156[[#This Row],[Rising Through Threshold2]],Table156[[#This Row],[Start time2]],R200) -> #DIV/0! | S201: =IF(AND(Table156[[#This Row],[Rising Through Threshold2]],R200>0),R201-R200,"") -> #DIV/0! | T201: =IF(Table156[[#This Row],[Voltage2]]>Threshold2,1,0) -> #DIV/0! | U201: =AND(Table156[[#This Row],[Last2]]>0,Table156[[#This Row],[Last2]]<MAX(Table156[Last2])) -> #DIV/0! | V201: =OR('Data In'!B207>'Data In'!B206) -> TRUE | W201: =COUNTIF($V$2:V201,"false") -> 1
A202: Total | G202: =SUBTOTAL(101,Table156[Voltage]) -> 2.3176 | K202: =SUBTOTAL(101,Table156[Period]) -> 763 | O202: =SUBTOTAL(101,Table156[Voltage2]) -> #DIV/0! | S202: =SUBTOTAL(101,Table156[Period2]) -> #DIV/0! | W202: =SUBTOTAL(104,Table156[seq]) -> 1
